model,title,price,link,authenticity,sell_date,sell_date_dt,week_of_year
Air Jordan 1 Bred 1985,Original vintage 1985 Jordan 1 Bred Size 9 in amazing condition Right shoe only,325.0,https://www.ebay.com/itm/135429488780,,2024-12-16,2024-12-16,51
Air Jordan 1 Bred 1985,"Size 10 - Jordan 1 Retro OG High Banned, Bred",247.0,https://www.ebay.com/itm/226645169511,,2024-12-20,2024-12-20,51
Air Jordan 1 Bred 1985,Size 13 - Jordan 1 Retro OG High Patent Bred,153.0,https://www.ebay.com/itm/146435708936,,2024-12-23,2024-12-23,52
Air Jordan 1 Bred 1985,Jordan 1 Retro OG High Patent Bred - Size 13,155.0,https://www.ebay.com/itm/405634081981,,2024-12-26,2024-12-26,52
Air Jordan 1 Bred 1985,"Nike Air Jordan 1 Retro Banned 'Bred' 2016 Size 10 - Authentic, USED Condition",173.9,https://www.ebay.com/itm/387464649949,,2024-12-29,2024-12-29,52
Air Jordan 1 Bred 1985,Size 13 - Jordan 1 Retro OG High Patent Bred,240.0,https://www.ebay.com/itm/256792015633,,2025-01-01,2025-01-01,1
Air Jordan 1 Bred 1985,2016 ‚ÄúBred‚Äù Air Jordan 1,239.99,https://www.ebay.com/itm/226641824337,,2025-01-05,2025-01-05,1
Air Jordan 1 Bred 1985,2016 ‚ÄúBred‚Äù Air Jordan 1,219.99,https://www.ebay.com/itm/226607613459,,2025-01-08,2025-01-08,2
Air Jordan 1 Bred 1985,Jordan 1 High Patent Bred,130.0,https://www.ebay.com/itm/286382936757,,2025-01-11,2025-01-11,2
Air Jordan 1 Bred 1985,Size 13 - Jordan 1 Retro OG High Patent Bred used NO BOX !!!,120.0,https://www.ebay.com/itm/226628841812,,2025-01-14,2025-01-14,3
Air Jordan 1 Bred 1985,Nike Air Jordan 1 Retro High OG Shadow 555088-013 Size 10 2018,220.0,https://www.ebay.com/itm/135595150612,,2025-01-17,2025-01-17,3
Air Jordan 1 Bred 1985,Jordan 1 Mid Banned 2020 Size 13 554724-074 Black Red Bred OG Men‚Äôs Shoes,65.0,https://www.ebay.com/itm/316417856973,,2025-01-21,2025-01-21,4
Air Jordan 1 Bred 1985,Nike Jordan 1 Retro High ‚ÄúBred Banned‚Äù 2016 Sz 10,400.0,https://www.ebay.com/itm/226091622148,,2025-01-24,2025-01-24,4
Air Jordan 1 Bred 1985,Size 10 - Jordan 1 Retro OG High Shadow !No insoles!,70.0,https://www.ebay.com/itm/405428475458,,2025-01-27,2025-01-27,5
Air Jordan 1 Bred 1985,Size 13 - Jordan 1 Retro OG High Patent Bred,175.0,https://www.ebay.com/itm/335809599122,,2025-01-30,2025-01-30,5
Air Jordan 1 Bred 1985,Air Jordan 1 High Patent Bred Sz 13,150.0,https://www.ebay.com/itm/126954882634,,2025-02-03,2025-02-03,6
Air Jordan 1 Bred 1985,Nike Air Jordan 1 Retro High 1985 OG ‚ÄòBRED‚Äô custom services;  ‚ÄòVarsity Red‚Äô,189.0,https://www.ebay.com/itm/394333987500,,2025-02-06,2025-02-06,6
Air Jordan 1 Bred 1985,üö®Jordan 1 Retro High 85 Varsity Red Sz 12 Never Tried On Ships Same Day üî•,305.0,https://www.ebay.com/itm/376050076177,,2025-02-09,2025-02-09,6
Air Jordan 1 Bred 1985,Size 11 - Air Jordan 1 Retro 1994 Bred,300.0,https://www.ebay.com/itm/306133574927,,2025-02-12,2025-02-12,7
Air Jordan 1 Bred 1985,Air Jordan 1 Bred Banned 2016 Size 10,165.0,https://www.ebay.com/itm/296976350531,,2025-02-15,2025-02-15,7
Air Jordan 1 Bred 1985,"Size 10 - Jordan 1 Retro OG High Banned, Bred",265.0,https://www.ebay.com/itm/316441978955,,2025-02-19,2025-02-19,8
Air Jordan 1 Bred 1985,Size 10 - Jordan 1 Retro OG High Shadow VNDS,150.0,https://www.ebay.com/itm/396252423703,,2025-02-25,2025-02-25,9
Air Jordan 1 Bred 1985,"Air Jordan 1 Retro High OG Size 10 Banned, Bred 2016",200.0,https://www.ebay.com/itm/396273333603,,2025-02-28,2025-02-28,9
Air Jordan 1 Bred 1985,"Size 10 - Jordan 1 Retro OG High Banned, Bred",430.0,https://www.ebay.com/itm/156723434982,,2025-03-03,2025-03-03,10
Air Jordan 1 Bred 1985,Size 13 - Jordan 1 Retro OG High Patent Bred,180.0,https://www.ebay.com/itm/356626261978,,2025-03-07,2025-03-07,10
Air Jordan 1 Bred 1985,Size 10 - Jordan 1 Retro OG High Shadow,110.0,https://www.ebay.com/itm/326337068596,,2025-03-10,2025-03-10,11
Air Jordan 1 Bred 1985,"Size 10 - Jordan 1 Retro OG High Banned, Bred",274.99,https://www.ebay.com/itm/335830354831,,2025-03-13,2025-03-13,11
Air Jordan 1 Bred 1985,"Jordan 1 Retro High Bred Banned 2016, US Size 10",250.0,https://www.ebay.com/itm/167342923819,,2025-03-16,2025-03-16,11
Air Jordan 1 Chicago 1985,Size 10 - 1985 Air Jordan 1 OG High Chicago (Collars Mostly Soft),1985.0,https://www.ebay.com/itm/205215375494,,2024-12-16,2024-12-16,51
Air Jordan 1 Chicago 1985,Size 10.5 Men Jordan 1 Retro Chicago (1994) 1st Reissue of 1985 Original,600.0,https://www.ebay.com/itm/276939279057,,2024-12-19,2024-12-19,51
Air Jordan 1 Chicago 1985,1985 Jordan 1 OG Chicago Men‚Äôs Size 11 Grail,650.0,https://www.ebay.com/itm/306169158575,,2024-12-23,2024-12-23,52
Air Jordan 1 Chicago 1985,Air Jordan 1 Retro High OG Chicago 2015 not 1985,850.0,https://www.ebay.com/itm/305927496501,,2024-12-26,2024-12-26,52
Air Jordan 1 Chicago 1985,Vintage Original 1985 Nike Air Jordan I 1 OG High Chicago Mens Size 8 INVESTMENT,700.0,https://www.ebay.com/itm/388042585304,,2024-12-29,2024-12-29,52
Air Jordan 1 Chicago 1985,Original 1985 Nike Air Jordan 1 8509118Y Sz 13 Chicago OG Red White Black Korea,1000.0,https://www.ebay.com/itm/135602039355,,2025-01-01,2025-01-01,1
Air Jordan 1 Chicago 1985,Vintage 1985 Air Jordan Chicago 1's size 5.5 Holy Grail Sky Jordan Youth Rare,1250.0,https://www.ebay.com/itm/256073889897,,2025-01-04,2025-01-04,1
Air Jordan 1 Chicago 1985,Nike Air Jordan 1 High Chicago Retro OG - No Box ! Lost And Found 2022,1480.0,https://www.ebay.com/itm/396269071707,,2025-01-07,2025-01-07,2
Air Jordan 1 Chicago 1985,vintage 1985 Air Jordan 1 Chicago Size 9 850911 BY Shoes Red White Black,4000.0,https://www.ebay.com/itm/126971350058,,2025-01-10,2025-01-10,2
Air Jordan 1 Chicago 1985,Size 6- 1985 Jordan 1 High Chicago Amazing Condition For Age,800.0,https://www.ebay.com/itm/176841551599,,2025-01-13,2025-01-13,3
Air Jordan 1 Chicago 1985,Vintage Original Air Jordan 1 1985 Chicago Sneakers 9.5 Wearable Excellent,2900.0,https://www.ebay.com/itm/304275219234,,2025-01-16,2025-01-16,3
Air Jordan 1 Chicago 1985,Size 8.5 - Jordan 1 OG 1985 Chicago,1400.0,https://www.ebay.com/itm/167336651636,,2025-01-19,2025-01-19,3
Air Jordan 1 Chicago 1985,Size 10 Nike Air Jordan 1 Retro OG High Banned Bred 2016 1985 Cement Sb Chicago,219.99,https://www.ebay.com/itm/146410858074,,2025-01-23,2025-01-23,4
Air Jordan 1 Chicago 1985,Size 10.5 - AJ1 Air Jordan 1 Retro High Chicago 1994 Vintage OG 1985 Style Red,399.99,https://www.ebay.com/itm/286332140011,,2025-01-29,2025-01-29,5
Air Jordan 1 Chicago 1985,Nike Air Jordan 11 Concord 12.5 47 Shoes 2018 Vintage OG XI Dunk Chicago 1 1985,309.34,https://www.ebay.com/itm/226599458469,,2025-02-01,2025-02-01,5
Air Jordan 1 Chicago 1985,Original Vintage OG 1985 Nike Air Jordan 1 Size 8 White Black Red-No insoles,750.0,https://www.ebay.com/itm/365407865290,,2025-02-04,2025-02-04,6
Air Jordan 1 Chicago 1985,OG 1985 Nike Jordan 1 Chicago size 11,820.0,https://www.ebay.com/itm/126863925439,,2025-02-07,2025-02-07,6
Air Jordan 1 Chicago 1985,Size 13 - Jordan 1 OG 1985 Chicago,1300.0,https://www.ebay.com/itm/316071223073,,2025-02-10,2025-02-10,7
Air Jordan 1 Chicago 1985,Size 9.5 - Air Jordan 1 1985 High Chicago,125.0,https://www.ebay.com/itm/365402514992,,2025-02-16,2025-02-16,7
Air Jordan 1 Chicago 1985,Size 10 - Jordan 1 Retro OG High Shadow 2018 Bred Royal UNC Chicago 1985,90.0,https://www.ebay.com/itm/235872873870,,2025-02-19,2025-02-19,8
Air Jordan 1 Chicago 1985,1985 Air Jordan 1 Chicago 850810 TY1 Made in Korea Size 11,1850.0,https://www.ebay.com/itm/226570269556,,2025-02-23,2025-02-23,8
Air Jordan 1 Chicago 1985,1985 Air Jordan Chicago 1 size 11 OG Vintage VTG Original 4280,1750.0,https://www.ebay.com/itm/116458131700,,2025-02-26,2025-02-26,9
Air Jordan 1 Chicago 1985,Size 10 - Air Jordan 1 1985 High Chicago,1950.0,https://www.ebay.com/itm/405255959250,,2025-03-04,2025-03-04,10
Air Jordan 1 Chicago 1985,Original Air Jordan 1 1985 Chicago Size 10 Never Restored And Flexible Collars,1300.0,https://www.ebay.com/itm/126074275733,,2025-03-07,2025-03-07,10
Air Jordan 1 Chicago 1985,Pristine VERY LIGHTLY USED Size 11 - Air Jordan 1-  1985 High Chicago,3850.0,https://www.ebay.com/itm/226509162328,,2025-03-10,2025-03-10,11
Air Jordan 1 Chicago 1985,1985 Nike Air Jordan 1 Chicago Baby Toddler VINTAGE/ Size 3.5 850810PD (1 Shoe),100.0,https://www.ebay.com/itm/135326425725,,2025-03-13,2025-03-13,11
Air Jordan 1 Chicago 1985,1985 Nike Air Jordan 1 Royal Vintage One OG Size 8 Bred Chicago,900.0,https://www.ebay.com/itm/256335948362,,2025-03-16,2025-03-16,11
Air Jordan 1 Retro Chicago 2013,Size 12 - Nike Air Jordan 1 Retro High Chicago 2013 Used Authentic Rare OG,210.0,https://www.ebay.com/itm/116458676209,,2024-12-16,2024-12-16,51
Air Jordan 1 Retro Chicago 2013,Nike Air Jordan Jumpman 10 City Pack Crew Chicago Socks 806407-482 X,16.0,https://www.ebay.com/itm/233735671222,,2024-12-23,2024-12-23,52
Air Jordan 1 Retro Chicago 2013,Nike Air Jordan 1 Retro OG High Chicago 2015 + store receipt Deadstock unworn!,800.0,https://www.ebay.com/itm/335857675603,,2024-12-26,2024-12-26,52
Air Jordan 1 Retro Chicago 2013,Nike Air Jordan 1 Retro High Chicago Varsity Red Size Men's 10 332550-163,400.0,https://www.ebay.com/itm/284797602992,,2024-12-29,2024-12-29,52
Air Jordan 1 Retro Chicago 2013,Size 10 - Nike Air Jordan 1 Retro High Chicago 2013 Men's Shoes - Ships Now,299.0,https://www.ebay.com/itm/405409710818,,2025-01-04,2025-01-04,1
Air Jordan 1 Retro Chicago 2013,Nike Air Jordan 1 Retro High Chicago 2015 555088-101 Men's Size,350.0,https://www.ebay.com/itm/326466922721,,2025-01-07,2025-01-07,2
Air Jordan 1 Retro Chicago 2013,Air Jordan 1 Retro High ‚ÄòChicago‚Äô (2013) 9.5,253.0,https://www.ebay.com/itm/405505608312,,2025-01-10,2025-01-10,2
Air Jordan 1 Retro Chicago 2013,Size 10 - Air Jordan 1 Retro OG 2013 High Bred,255.0,https://www.ebay.com/itm/167305241837,,2025-01-13,2025-01-13,3
Air Jordan 1 Retro Chicago 2013,üî•üèÄ2013 Nike Air Jordan 1 Chicago Size 10üèÄüî•,279.99,https://www.ebay.com/itm/256834794188,,2025-01-19,2025-01-19,3
Air Jordan 1 Retro Chicago 2013,Size 10 - Jordan 1 Retro High Chicago 2013,245.0,https://www.ebay.com/itm/267171223397,,2025-01-23,2025-01-23,4
Air Jordan 1 Retro Chicago 2013,Nike Air Jordan 1 Chicago 2013  Blk/Red/White 332550-163 Sz 15 Pre-owned CLEAN,270.0,https://www.ebay.com/itm/115907129742,,2025-01-26,2025-01-26,4
Air Jordan 1 Retro Chicago 2013,Size 9.5 - Jordan 1 Retro High Chicago 2013,200.0,https://www.ebay.com/itm/376024606179,,2025-01-29,2025-01-29,5
Air Jordan 1 Retro Chicago 2013,Jordan 1 Retro High Chicago 2013 (332550-163) - Size 8 - BRAND NEW,320.0,https://www.ebay.com/itm/204566710867,,2025-02-01,2025-02-01,5
Air Jordan 1 Retro Chicago 2013,Air Jordan 1 Chicago Retro 2013 Size 12,220.0,https://www.ebay.com/itm/335804917510,,2025-02-04,2025-02-04,6
Air Jordan 1 Retro Chicago 2013,Air Jordan 1 High Chicago (2013) Sz 10.5,170.0,https://www.ebay.com/itm/126962718502,,2025-02-10,2025-02-10,7
Air Jordan 1 Retro Chicago 2013,2013 Air Jordan Chicago 1 Varsity Red Size 12,215.0,https://www.ebay.com/itm/376018225869,,2025-02-13,2025-02-13,7
Air Jordan 1 Retro Chicago 2013,Size 11 - Jordan 1 Retro Chicago (2013),425.0,https://www.ebay.com/itm/156667578919,,2025-02-16,2025-02-16,7
Air Jordan 1 Retro Chicago 2013,Size 11 - Jordan 1 Retro High Chicago 2013,300.0,https://www.ebay.com/itm/315839064585,,2025-02-23,2025-02-23,8
Air Jordan 1 Retro Chicago 2013,Size 10.5 - Jordan 1 Retro High Chicago 2013,254.99,https://www.ebay.com/itm/126787313825,,2025-03-01,2025-03-01,9
Air Jordan 1 Retro Chicago 2013,US 10 Air Jordan 1 Retro High Chicago 2013 White Black Red Leather 332550-163,175.0,https://www.ebay.com/itm/156707817734,,2025-03-04,2025-03-04,10
Air Jordan 1 Retro Chicago 2013,Air Jordan 1 Retro High OG Chicago,253.0,https://www.ebay.com/itm/335787452665,,2025-03-07,2025-03-07,10
Air Jordan 1 Retro Chicago 2013,Jordan 1 High Chicago 2015 Size 12 Used,222.0,https://www.ebay.com/itm/396182556228,,2025-03-10,2025-03-10,11
Air Jordan 1 Retro Chicago 2013,Size 8 - Preowned 2013 Jordan 1 Retro High Chicago,165.0,https://www.ebay.com/itm/146352289825,,2025-03-13,2025-03-13,11
Air Jordan 1 Retro Chicago 2013,Jordan 1 High Chicago 2013 Size 10.5,192.4,https://www.ebay.com/itm/396034626190,,2025-03-16,2025-03-16,11
Air Jordan 10 Steel 1994,Air Jordan 10 OG Steel (1994) Nike Retro 130209-101 Size US 5.5,20.0,https://www.ebay.com/itm/376036435575,,2024-12-16,2024-12-16,51
Air Jordan 10 Steel 1994,Air Jordan 10 OG Steel (1994) Nike Retro 130209-101 Size US 5.5,20.0,https://www.ebay.com/itm/375494894195,,2024-12-19,2024-12-19,51
Air Jordan 10 Steel 1994,Size 12 - Air Jordan 10 OG Steel,130.0,https://www.ebay.com/itm/116364502769,,2024-12-23,2024-12-23,52
Air Jordan 10 Steel 1994,Size 9.5 - Air Jordan 10 OG Steel stripe toe Ds,555.0,https://www.ebay.com/itm/316058360335,,2024-12-26,2024-12-26,52
Air Jordan 10 Steel 1994,1994 OG Jordan 10 Size 14,110.0,https://www.ebay.com/itm/267099566899,,2025-01-01,2025-01-01,1
Air Jordan 10 Steel 1994,Jordan 10 Steel,36.0,https://www.ebay.com/itm/296897072710,,2025-01-04,2025-01-04,1
Air Jordan 10 Steel 1994,Air Jordan 4 Retro White Thunder FQ8138-001 Ship Now,130.0,https://www.ebay.com/itm/405649909351,,2025-01-07,2025-01-07,2
Air Jordan 10 Steel 1994,Air Jordan 10 OG Steel Sz 9.5 ( Og Box Included ) Ships Fast ..,60.0,https://www.ebay.com/itm/316272232643,,2025-01-10,2025-01-10,2
Air Jordan 10 Steel 1994,Nike Air Jordan 5 Retro OG Men's Sneakers HF3975-001 Size 10 Metallic Reimagined,180.0,https://www.ebay.com/itm/226642114326,,2025-01-13,2025-01-13,3
Air Jordan 10 Steel 1994,Size 10 - Nike Air Jordan 3 Retro OG 2024 Black Cement,150.0,https://www.ebay.com/itm/226640906943,,2025-01-19,2025-01-19,3
Air Jordan 10 Steel 1994,Size 10 - Air Jordan 10 Retro 2005 Steel,20.0,https://www.ebay.com/itm/176854631230,,2025-01-23,2025-01-23,4
Air Jordan 10 Steel 1994,Original Nike Air Jordan X  10 OG Powder Blue 1994 1995 Deadstock Sz 10 Vintage,350.0,https://www.ebay.com/itm/186922075421,,2025-01-26,2025-01-26,4
Air Jordan 10 Steel 1994,Nike Air Jordan 10 OG Charlotte Hornets 1994 Powder Blue Sz 9 130209-102 Wearble,51.0,https://www.ebay.com/itm/196845280221,,2025-01-29,2025-01-29,5
Air Jordan 10 Steel 1994,Air Jordan 10 Retro 2005 Red Steel Size 9.5 Pre-Owned 310805-161,100.0,https://www.ebay.com/itm/235954729694,,2025-02-01,2025-02-01,5
Air Jordan 10 Steel 1994,Size 10 - Air Jordan 4 Retro Bred Reimagined,100.0,https://www.ebay.com/itm/376020363942,,2025-02-04,2025-02-04,6
Air Jordan 10 Steel 1994,Nike Air Jordan 10 - Men‚Äôs sz. 10.5 - ‚ÄúSteel Grey‚Äù (2005 release),60.97,https://www.ebay.com/itm/156646094162,,2025-02-07,2025-02-07,6
Air Jordan 10 Steel 1994,Size 10 - Air Jordan 4 Retro 2024 Military Blue,100.0,https://www.ebay.com/itm/306171726276,,2025-02-10,2025-02-10,7
Air Jordan 10 Steel 1994,"US Air Jordan 4 Retro ""White Thunder"" Basketball shoes - Men's - Black and white",86.0,https://www.ebay.com/itm/146446073054,,2025-02-13,2025-02-13,7
Air Jordan 10 Steel 1994,Air Jordan 10 Blackout,145.0,https://www.ebay.com/itm/356532812450,,2025-02-16,2025-02-16,7
Air Jordan 10 Steel 1994,Nike Air Jordan 10 Steel,125.0,https://www.ebay.com/itm/167258980821,,2025-02-19,2025-02-19,8
Air Jordan 10 Steel 1994,Size 10.5 - Air Jordan 10 Retro 2013 Steel With Original Box,129.99,https://www.ebay.com/itm/235969751169,,2025-02-23,2025-02-23,8
Air Jordan 10 Steel 1994,2005 Air Jordan Nike Retro 10 Steel Toe Black Grey White 20 Year Box 310805 101,139.99,https://www.ebay.com/itm/326441373593,,2025-02-26,2025-02-26,9
Air Jordan 10 Steel 1994,Size 9.5 - Jordan 10 Retro Steel (2013) *USED*,150.0,https://www.ebay.com/itm/167274658274,,2025-03-04,2025-03-04,10
Air Jordan 10 Steel 1994,Air Jordan 10/13 Countdown Pack Playoff Shadow Size 10 Used,25.0,https://www.ebay.com/itm/197088792398,,2025-03-10,2025-03-10,11
Air Jordan 10 Steel 1994,Nike Air Jordan 10 Retro Steel 2013 Size 10.5 Authentic Aj10 Used White Mj,140.0,https://www.ebay.com/itm/335782427572,,2025-03-13,2025-03-13,11
Air Jordan 10 Steel 1994,Air Jordan 8 Playoff Sz 10,150.0,https://www.ebay.com/itm/126987030066,,2025-03-16,2025-03-16,11
Air Jordan 11 Concord 1995,1995 Nike Air Jordan 11 OG Concord Size 10 Black & White Vintage Rare,399.99,https://www.ebay.com/itm/134704410982,,2024-12-16,2024-12-16,51
Air Jordan 11 Concord 1995,Nike Air Jordan 11 Concord 1995,180.0,https://www.ebay.com/itm/394925204140,,2024-12-19,2024-12-19,51
Air Jordan 11 Concord 1995,Size 12 -  Air Jordan 11 OG 1995 Concord,350.0,https://www.ebay.com/itm/396318997222,,2024-12-22,2024-12-22,51
Air Jordan 11 Concord 1995,Size 9.5 - Air Jordan 11 OG 1995 Concord,399.0,https://www.ebay.com/itm/335464254287,,2024-12-25,2024-12-25,52
Air Jordan 11 Concord 1995,Jordan 11 OG Concord 1995 - Size 11 - Vintage Original Release- No Box,199.0,https://www.ebay.com/itm/354871441149,,2024-12-28,2024-12-28,52
Air Jordan 11 Concord 1995,Nike Air Jordan 11 1995 Concord OG Size 10ü¶Ñ,90.0,https://www.ebay.com/itm/126905840474,,2024-12-31,2024-12-31,1
Air Jordan 11 Concord 1995,Nike Air Jordan 11 (XI) Concord VTG 1995 OG 130245-101 OG BOX ONLY Size 10.5,25.0,https://www.ebay.com/itm/286323297074,,2025-01-03,2025-01-03,1
Air Jordan 11 Concord 1995,Size 8.5 1995 Air Jordan 11 OG Concord. WITH BOX NOS,350.24,https://www.ebay.com/itm/116434053216,,2025-01-06,2025-01-06,2
Air Jordan 11 Concord 1995,Nike Air Jordan 11 (XI) Concord VTG 1995 OG Size 11 w/ Orginal Box 130245-101,249.0,https://www.ebay.com/itm/396160509402,,2025-01-09,2025-01-09,2
Air Jordan 11 Concord 1995,Air  Jordan 11 Vintage 1995,60.0,https://www.ebay.com/itm/256769649771,,2025-01-12,2025-01-12,2
Air Jordan 11 Concord 1995,Size 10 - Air Jordan 11 OG 1995 Concord,250.0,https://www.ebay.com/itm/126788240838,,2025-01-15,2025-01-15,3
Air Jordan 11 Concord 1995,Nike Air Jordan 11 Concord Vintage 1995 Original OG Size 12 Pre Owned Used,74.95,https://www.ebay.com/itm/266985719655,,2025-01-18,2025-01-18,3
Air Jordan 11 Concord 1995,Nike Air Jordan 11 OG Concord (1995) 130245-101 Size EU 44 UK 9 US 10,175.0,https://www.ebay.com/itm/326245806082,,2025-01-24,2025-01-24,4
Air Jordan 11 Concord 1995,Jordan 11 Concord,90.0,https://www.ebay.com/itm/356655852756,,2025-01-27,2025-01-27,5
Air Jordan 11 Concord 1995,Size 11 - Jordan 11 Retro Concord 2011,120.0,https://www.ebay.com/itm/286410068706,,2025-02-02,2025-02-02,5
Air Jordan 11 Concord 1995,Size 10 - Jordan 11 Retro High Concord,100.0,https://www.ebay.com/itm/126958463055,,2025-02-05,2025-02-05,6
Air Jordan 11 Concord 1995,Size 11.5 - Jordan 11 Retro High Concord,120.0,https://www.ebay.com/itm/167374593352,,2025-02-08,2025-02-08,6
Air Jordan 11 Concord 1995,Jordan 11 Concord,50.0,https://www.ebay.com/itm/226506690588,,2025-02-14,2025-02-14,7
Air Jordan 11 Concord 1995,Jordan 11 Carolina Blue Size 15,165.0,https://www.ebay.com/itm/326488215319,,2025-02-17,2025-02-17,8
Air Jordan 11 Concord 1995,Size 10.5 - Jordan 11 Retro High Concord 2018,175.0,https://www.ebay.com/itm/176914620194,,2025-02-20,2025-02-20,8
Air Jordan 11 Concord 1995,Size 13 - Jordan 11 Retro High Concord,70.0,https://www.ebay.com/itm/205349911858,,2025-02-23,2025-02-23,8
Air Jordan 11 Concord 1995,Jordan 11 Retro Concord (2018),120.0,https://www.ebay.com/itm/396160312736,,2025-02-26,2025-02-26,9
Air Jordan 11 Concord 1995,Size 12 Nike Air Jordan 11 Retro Concord ICY Black White EXCELLENT 378037-100,195.0,https://www.ebay.com/itm/326467293462,,2025-03-04,2025-03-04,10
Air Jordan 11 Concord 1995,Size 9.5 - Jordan 11 Retro High Concord,145.0,https://www.ebay.com/itm/135599037675,,2025-03-07,2025-03-07,10
Air Jordan 11 Concord 1995,Jordan 11 Retro Concord,140.0,https://www.ebay.com/itm/156607651916,,2025-03-10,2025-03-10,11
Air Jordan 11 Concord 1995,Jordan 11 Concord (Size 9),165.0,https://www.ebay.com/itm/375956495674,,2025-03-13,2025-03-13,11
Air Jordan 11 Concord 1995,Size 10.5 - Jordan 11 Retro High Concord,185.0,https://www.ebay.com/itm/316135824393,,2025-03-16,2025-03-16,11
Air Jordan 12 Flu Game 1997,Size 14 - Air Jordan 12 OG 1997 Flu Game,164.99,https://www.ebay.com/itm/365155547311,,2024-12-16,2024-12-16,51
Air Jordan 12 Flu Game 1997,1996 Air Jordan 12 XII OG FLU GAME BRED Size 12 130690-061 Restored Not Retro,105.0,https://www.ebay.com/itm/156715566811,,2024-12-22,2024-12-22,51
Air Jordan 12 Flu Game 1997,Size 9 - Air Jordan 12 OG 1997 Flu Game,260.0,https://www.ebay.com/itm/176313902232,,2024-12-25,2024-12-25,52
Air Jordan 12 Flu Game 1997,DS 1997 Jordan 12 Flu Game Size 10,444.0,https://www.ebay.com/itm/285977653623,,2024-12-28,2024-12-28,52
Air Jordan 12 Flu Game 1997,Size 9.5 - Air Jordan 12 OG 1997 Flu Game,245.0,https://www.ebay.com/itm/196628767112,,2024-12-31,2024-12-31,1
Air Jordan 12 Flu Game 1997,Nike Air Jordan 12 OG Size 9.5 1997 Flu Game Black/Red,150.0,https://www.ebay.com/itm/126534202696,,2025-01-03,2025-01-03,1
Air Jordan 12 Flu Game 1997,Nike Air Jordan 12 XII OG Flu Game Black Red 130690 061 VINTAGE W/BOX DS 11,277.54,https://www.ebay.com/itm/267167712074,,2025-01-06,2025-01-06,2
Air Jordan 12 Flu Game 1997,1997 Jordan 12 OG ‚ÄúFlu Game‚Äù 9.5M,148.0,https://www.ebay.com/itm/356608256374,,2025-01-09,2025-01-09,2
Air Jordan 12 Flu Game 1997,DS OG 1997 Air Jordan 12 XII Flu Game Bred 11.5 FLAWLESS CONDITION 97 2025 Retro,440.0,https://www.ebay.com/itm/376016582627,,2025-01-12,2025-01-12,2
Air Jordan 12 Flu Game 1997,1997 Jordan 12 OG ‚ÄúFlu Game‚Äù 9.5M,183.9344,https://www.ebay.com/itm/356532300050,,2025-01-15,2025-01-15,3
Air Jordan 12 Flu Game 1997,Nike Air Jordan 12 XII OG Flu Game Black Red 130690 061 VINTAGE  10,127.41,https://www.ebay.com/itm/267146008411,,2025-01-18,2025-01-18,3
Air Jordan 12 Flu Game 1997,Size 11 - Jordan Retro 12 Flu Game 1997,120.0,https://www.ebay.com/itm/256788114525,,2025-01-21,2025-01-21,4
Air Jordan 12 Flu Game 1997,Nike Air Jordan 12 OG 1997 Flu Game Black/Red 130690-061 Size 10,59.95,https://www.ebay.com/itm/296862881885,,2025-01-24,2025-01-24,4
Air Jordan 12 Flu Game 1997,Air Jordan 12 - Flu Game OG 1997 - Red and Black Mens Shoes Size 9,50.0,https://www.ebay.com/itm/267069509890,,2025-01-27,2025-01-27,5
Air Jordan 12 Flu Game 1997,Nike Air Jordan 12 XII OG Flu Game Black Red 130690 061 VINTAGE DS 10,120.0,https://www.ebay.com/itm/267134944854,,2025-01-30,2025-01-30,5
Air Jordan 12 Flu Game 1997,Nike Air Jordan 12 OG Size 8.5 1997 Flu Game Black/Red,160.0,https://www.ebay.com/itm/126588865164,,2025-02-02,2025-02-02,5
Air Jordan 12 Flu Game 1997,NIKE AIR JORDAN 3 RETRO DB DOERNBECHER FIRE RED CEMENT BLACK SNEAKERS 11,339.99,https://www.ebay.com/itm/235910946402,,2025-02-05,2025-02-05,6
Air Jordan 12 Flu Game 1997,Size 9 - Air Jordan 12 OG 1997 Flu Game,550.0,https://www.ebay.com/itm/204942094108,,2025-02-08,2025-02-08,6
Air Jordan 12 Flu Game 1997,Size 11.5 - Air Jordan XII OG 1997 Flu Game with Box (130690-061),320.0,https://www.ebay.com/itm/375839264372,,2025-02-11,2025-02-11,7
Air Jordan 12 Flu Game 1997,Nike Air Jordan 12 OG 1997 Flu Game Black/Red 130690-061 Size 9.5,65.0,https://www.ebay.com/itm/196942643439,,2025-02-14,2025-02-14,7
Air Jordan 12 Flu Game 1997,NIKE AIR JORDAN 3 RETRO DB DOERNBECHER FIRE RED CEMENT BLACK SNEAKERS 11,339.99,https://www.ebay.com/itm/235898453870,,2025-02-17,2025-02-17,8
Air Jordan 12 Flu Game 1997,Size 11  Air Jordan 12 OG 1997 Flu Game Made In Taiwan Original Vintage,30.0,https://www.ebay.com/itm/266973430402,,2025-02-20,2025-02-20,8
Air Jordan 12 Flu Game 1997,Jordan 12 Flu Game Bred 1997 Size 11,120.0,https://www.ebay.com/itm/326395409151,,2025-02-23,2025-02-23,8
Air Jordan 12 Flu Game 1997,Jordan 12 Flu Game Bred 1997 Size 10.5,120.0,https://www.ebay.com/itm/326381899077,,2025-02-26,2025-02-26,9
Air Jordan 12 Flu Game 1997,100% AUTHENTIC 1997 NIKE AIR JORDAN XII (12) FLU GAME BRED SHOES DB OG BIN QS,399.0,https://www.ebay.com/itm/205126084604,,2025-03-01,2025-03-01,9
Air Jordan 12 Flu Game 1997,"Vintage OG 1997 Jordan 12 XII Flu Game 130690 061, Size 8",170.0,https://www.ebay.com/itm/403619974715,,2025-03-04,2025-03-04,10
Air Jordan 12 Flu Game 1997,Air Jordan 12 Retro Flu Game Sneakers Size 10.5,250.0,https://www.ebay.com/itm/356661471095,,2025-03-13,2025-03-13,11
Air Jordan 12 Flu Game 1997,Size 10.5 Men‚Äôs Air Jordan 12 Retro Flu Game 2025 Release Brand New In Box !!!,260.0,https://www.ebay.com/itm/226642163547,,2025-03-16,2025-03-16,11
Air Jordan 13 Bred 1998,Nike Air Jordan 13 OG Bred 1998 Size 10 136002-062 Black Red White Playoff XIII,150.0,https://www.ebay.com/itm/394426706119,,2024-12-16,2024-12-16,51
Air Jordan 13 Bred 1998,1998 Nike Air Jordan 13 XIII Black Red Sz 11.5 1997 Cat 1990s Original OG VTG,175.0,https://www.ebay.com/itm/176902311172,,2024-12-19,2024-12-19,51
Air Jordan 13 Bred 1998,Nike Air Jordan XIII 13 OG 1998 Black Red Basketball Size 10.5 BRED 136002 062,399.99,https://www.ebay.com/itm/326426185251,,2024-12-22,2024-12-22,51
Air Jordan 13 Bred 1998,Size 10 - Air Jordan 13 OG 1998 Bred vintage,500.0,https://www.ebay.com/itm/297058532989,,2024-12-25,2024-12-25,52
Air Jordan 13 Bred 1998,Size 10 - Air Jordan 13 OG 1997 Playoffs,89.0,https://www.ebay.com/itm/196965910476,,2024-12-28,2024-12-28,52
Air Jordan 13 Bred 1998,Nike Air Jordan 13 shoes Mens 11 Bred OG 1998 Chicago Classic 136002-062,50.0,https://www.ebay.com/itm/316144781674,,2025-01-03,2025-01-03,1
Air Jordan 13 Bred 1998,Jordan 13s Breds 1998 Full Restored,100.0,https://www.ebay.com/itm/335791099962,,2025-01-06,2025-01-06,2
Air Jordan 13 Bred 1998,Air Jordan 13 Bred 1998 Size 10.5,45.0,https://www.ebay.com/itm/315853981025,,2025-01-09,2025-01-09,2
Air Jordan 13 Bred 1998,1998 Air Jordan 13 ‚ÄúBred‚Äù OG | Black/True Red-White | Style Code 136002-061 | 10,125.0,https://www.ebay.com/itm/176587373270,,2025-01-15,2025-01-15,3
Air Jordan 13 Bred 1998,Size 8.5 - Jordan 13 Retro Bred 2017,75.0,https://www.ebay.com/itm/365450547020,,2025-01-18,2025-01-18,3
Air Jordan 13 Bred 1998,Air Jordan 13 Retro 2013 Bred Men's 414571-010  Basketball Sneakers US Size 11.,52.7,https://www.ebay.com/itm/126987641618,,2025-01-24,2025-01-24,4
Air Jordan 13 Bred 1998,Jordan 13 - Bred- Size 10.5,90.0,https://www.ebay.com/itm/356605242624,,2025-01-27,2025-01-27,5
Air Jordan 13 Bred 1998,Jordan 13 Bred (2013),105.0,https://www.ebay.com/itm/126959141006,,2025-01-30,2025-01-30,5
Air Jordan 13 Bred 1998,"üí•Nike Air Jordan 13 ""Bred"" 2017 (414571-004) Mens Size 11.5 Needs Cleaned",49.99,https://www.ebay.com/itm/186960369158,,2025-02-02,2025-02-02,5
Air Jordan 13 Bred 1998,Nike Air Jordan 13 Retro ‚ÄúBred‚Äù 2013 NDS Sz 10.5 414571-010 Black Red OG XIII,75.0,https://www.ebay.com/itm/286219767217,,2025-02-05,2025-02-05,6
Air Jordan 13 Bred 1998,Air Jordan 13 Retro Dirty Bred Black Red Men 10 Excellent Condition 414571-003,76.0,https://www.ebay.com/itm/396216228534,,2025-02-08,2025-02-08,6
Air Jordan 13 Bred 1998,Air Jordan 13 Retro Low Bred 2015 Black Red Size 13,35.0,https://www.ebay.com/itm/405634589906,,2025-02-11,2025-02-11,7
Air Jordan 13 Bred 1998,Nike Air Jordan 13 Retro Bred 2017 Men‚Äôs Size 10 Black Red OG,85.0,https://www.ebay.com/itm/146383958870,,2025-02-14,2025-02-14,7
Air Jordan 13 Bred 1998,Size 13 - Jordan 13 Retro Bred 2017,50.0,https://www.ebay.com/itm/176897220402,,2025-02-17,2025-02-17,8
Air Jordan 13 Bred 1998,Size 13 - Air Jordan 9 Retro Bred,45.0,https://www.ebay.com/itm/235996728242,,2025-02-20,2025-02-20,8
Air Jordan 13 Bred 1998,Nike Air Jordan 11 Retro ‚ÄúBred‚Äù 2019 Size 13 (378037-061 ) VTG OG RARE MJ,150.0,https://www.ebay.com/itm/306124035506,,2025-02-23,2025-02-23,8
Air Jordan 13 Bred 1998,Air Jordan 13 Retro ‚ÄòBred‚Äô 2004,60.0,https://www.ebay.com/itm/167327371124,,2025-02-26,2025-02-26,9
Air Jordan 13 Bred 1998,Size 9.5 - Air Jordan 13 Retro 2013 Bred,109.0,https://www.ebay.com/itm/197045119779,,2025-03-01,2025-03-01,9
Air Jordan 13 Bred 1998,Size 8.5 - Air Jordan 13 Retro Dirty Bred (2014),60.0,https://www.ebay.com/itm/256724072102,,2025-03-04,2025-03-04,10
Air Jordan 13 Bred 1998,Size 13 Nike Air Jordan 13 Retro Bred 2012 OG XIII 414571-010,35.0,https://www.ebay.com/itm/316098954033,,2025-03-10,2025-03-10,11
Air Jordan 13 Bred 1998,Size 10 - Air Jordan 13 Retro Dirty Bred (No Box),47.0,https://www.ebay.com/itm/187023282038,,2025-03-13,2025-03-13,11
Air Jordan 13 Bred 1998,Size 8 - Air Jordan 13 Retro 2013 Bred No Box üì¶,60.0,https://www.ebay.com/itm/387748248870,,2025-03-16,2025-03-16,11
Air Jordan 14 Last Shot 1999,Vintage Jordan 14 Last Shot 1999 ORIGINAL; Men‚Äôs Sz US 10.5; OG Box; 136016 001,180.0,https://www.ebay.com/itm/276808540383,,2024-12-16,2024-12-16,51
Air Jordan 14 Last Shot 1999,NIKE Air Jordan 14 OG 1999 Last Shot  136016-001 DS VINTAGE Ôº∑/BOX 10,200.0,https://www.ebay.com/itm/267161128401,,2024-12-19,2024-12-19,51
Air Jordan 14 Last Shot 1999,- Jordan 14 OG Last Shot 1999 MENS SIZE 12,30.0,https://www.ebay.com/itm/125351210370,,2024-12-22,2024-12-22,51
Air Jordan 14 Last Shot 1999,VINTAGE OG Air Jordan 14 XIV Last Shot Size 5.5Y Black Red¬†134087-001 Kids BG,127.0,https://www.ebay.com/itm/326426421474,,2024-12-25,2024-12-25,52
Air Jordan 14 Last Shot 1999,Air Jordan 14 OG 1999 Last Shot - Size 12,100.0,https://www.ebay.com/itm/326426455705,,2024-12-31,2024-12-31,1
Air Jordan 14 Last Shot 1999,Size 11 - Air Jordan 14 OG 1999 Last Shot,95.0,https://www.ebay.com/itm/335620765649,,2025-01-03,2025-01-03,1
Air Jordan 14 Last Shot 1999,Size 10 - Air Jordan 14 OG 1999 Last Shot,295.0,https://www.ebay.com/itm/186502133203,,2025-01-06,2025-01-06,2
Air Jordan 14 Last Shot 1999,Air Jordan 14 Original 1999 Last Shot,90.0,https://www.ebay.com/itm/205144147913,,2025-01-09,2025-01-09,2
Air Jordan 14 Last Shot 1999,Nike Air Jordan 14 OG 1999 Last Shot size 14,40.0,https://www.ebay.com/itm/256585798775,,2025-01-15,2025-01-15,3
Air Jordan 14 Last Shot 1999,Size 10.5- Air Jordan 14 Retro 2018 Last Shot no box,90.0,https://www.ebay.com/itm/335847139084,,2025-01-18,2025-01-18,3
Air Jordan 14 Last Shot 1999,Nike Air Jordan 14 Retro Last Shot 2018 Mens Size 14 BlacRed Suede 487471-003,109.99,https://www.ebay.com/itm/356568440206,,2025-01-21,2025-01-21,4
Air Jordan 14 Last Shot 1999,Size 10.5 - Air Jordan 14 Retro 2018 Last Shot,50.0,https://www.ebay.com/itm/116420153624,,2025-01-24,2025-01-24,4
Air Jordan 14 Last Shot 1999,Jordan 14 Last Shot 2005,50.0,https://www.ebay.com/itm/387923323093,,2025-01-27,2025-01-27,5
Air Jordan 14 Last Shot 1999,Air Jordan 14 Retro Last Shot (2011),115.0,https://www.ebay.com/itm/267104107291,,2025-01-30,2025-01-30,5
Air Jordan 14 Last Shot 1999,Size 13 - Air Jordan 14 Retro 2018 Last Shot 487471-003,119.95,https://www.ebay.com/itm/405646906271,,2025-02-02,2025-02-02,5
Air Jordan 14 Last Shot 1999,Size 10.5 - Air Jordan 14 Retro 2018 Last Shot ‚Äò91 Red/Black Great Condition,100.0,https://www.ebay.com/itm/326484765251,,2025-02-05,2025-02-05,6
Air Jordan 14 Last Shot 1999,Size 9 - Air Jordan 14 Retro 2005 Last Shot Black Varsity Red (311832-002),89.99,https://www.ebay.com/itm/126821017423,,2025-02-08,2025-02-08,6
Air Jordan 14 Last Shot 1999,"Nike Air Jordan 14 Retro ""Last Shot"" Men's 10 Sneakers see pics for condition",52.0,https://www.ebay.com/itm/116432668897,,2025-02-11,2025-02-11,7
Air Jordan 14 Last Shot 1999,Size 10.5 - Nike Air Jordan 14 Last Shot 2018 - 487471-003,60.0,https://www.ebay.com/itm/335755705588,,2025-02-17,2025-02-17,8
Air Jordan 14 Last Shot 1999,Size 10.5 - Nike Air Jordan 14 Last Shot 2018 - 487471-003 No Insoles Clean Used,88.88,https://www.ebay.com/itm/405521521571,,2025-02-20,2025-02-20,8
Air Jordan 14 Last Shot 1999,Air Jordan 14 Retro 2018 Last Shot Size 9.5 - 487471-003,98.88,https://www.ebay.com/itm/197056050779,,2025-02-23,2025-02-23,8
Air Jordan 14 Last Shot 1999,Air Jordan 14 Retro ‚ÄúLast Shot‚Äù Size 10.5 Left Shoe Only! (487471-003) (2018),40.0,https://www.ebay.com/itm/256785508581,,2025-02-26,2025-02-26,9
Air Jordan 14 Last Shot 1999,Size 10.5- Air Jordan 14 Retro 2018 Last Shot,80.0,https://www.ebay.com/itm/326375752570,,2025-03-01,2025-03-01,9
Air Jordan 14 Last Shot 1999,Air Jordan 14 Retro ‚ÄúLast Shot‚Äù Size 13 No Box (487471-003) (2018),150.0,https://www.ebay.com/itm/156629078049,,2025-03-04,2025-03-04,10
Air Jordan 14 Last Shot 1999,Issues Shown As Is Nike Air Jordan 14 Retro 2005 Last Shot Size 9.5 Very Rare!,45.0,https://www.ebay.com/itm/405459100323,,2025-03-07,2025-03-07,10
Air Jordan 14 Last Shot 1999,NIKE AIR JORDAN XIV 14 RETRO CARD LAST SHOT PLAYOFF BRED CHERRY CHICAGO 311832,20.0,https://www.ebay.com/itm/356564441968,,2025-03-10,2025-03-10,11
Air Jordan 14 Last Shot 1999,Air Jordan 14 Retro 2018 Last Shot Men‚Äôs Size 9,115.0,https://www.ebay.com/itm/176878802387,,2025-03-13,2025-03-13,11
Air Jordan 14 Last Shot 1999,Size 9 - Air Jordan 14 Retro 2018 Last Shot,112.49,https://www.ebay.com/itm/186971324394,,2025-03-16,2025-03-16,11
Air Jordan 2 OG 1986,1987 Nike Air Jordan 2 II Original Italy White Red Box Only Sz 9.5 1986 VTG OG,200.0,https://www.ebay.com/itm/176891513640,,2024-12-20,2024-12-20,51
Air Jordan 2 OG 1986,Nike Kyrie 8 Infinity Basketball Shoes Mens 10 Blue DN4116-991,40.0,https://www.ebay.com/itm/205328719239,,2024-12-23,2024-12-23,52
Air Jordan 2 OG 1986,Original OEM Quadrajet Carb Carburetor 17082226 1262 DUU 1981 1986 Chevy Pickup,63.63,https://www.ebay.com/itm/116446914664,,2024-12-26,2024-12-26,52
Air Jordan 2 OG 1986,1986 Toyota 4wd Truck 4Runner JDM Owners Manual Original Toyota Part 01999 35459,39.99,https://www.ebay.com/itm/256766273472,,2025-01-01,2025-01-01,1
Air Jordan 2 OG 1986,Nike Air Jordan 2 Retro OG Chicago White Red Black 2022 DX2454-106 Men's US 12,100.0,https://www.ebay.com/itm/256759199435,,2025-01-08,2025-01-08,2
Air Jordan 2 OG 1986,Brand New Nike Air Jordan 2 Retro OG Chicago size 10,110.0,https://www.ebay.com/itm/186863915415,,2025-01-11,2025-01-11,2
Air Jordan 2 OG 1986,Nike Air Jordan 2 OG ‚ÄúChicago/Bulls‚Äù 2022 DX2454-106 Used Size 9.5,59.49,https://www.ebay.com/itm/267128928762,,2025-01-14,2025-01-14,3
Air Jordan 2 OG 1986,Air Jordan 2 Retro OG Chicago (2022),187.0,https://www.ebay.com/itm/388004854466,,2025-01-17,2025-01-17,3
Air Jordan 2 OG 1986,Nike Air Jordan 2 OG Sz 12 DS Chicago White Black 2022 Retro,219.99,https://www.ebay.com/itm/326305929357,,2025-01-21,2025-01-21,4
Air Jordan 2 OG 1986,Nike Air Jordan 2 OG ‚ÄúChicago/Bulls‚Äù 2022 DX2454-106 Men‚Äôs 8 New,130.0,https://www.ebay.com/itm/267078528333,,2025-01-24,2025-01-24,4
Air Jordan 2 OG 1986,Size 11.5 - Air Jordan 2 Retro 2004 Chicago Restoration Project OG Box,35.0,https://www.ebay.com/itm/276818761235,,2025-01-27,2025-01-27,5
Air Jordan 2 OG 1986,Nike Air Jordan 2 Retro OG Chicago (2022) Used Size 13 Men‚Äôs,99.0,https://www.ebay.com/itm/396101212609,,2025-01-30,2025-01-30,5
Air Jordan 2 OG 1986,Air Jordan 2 A Ma Maniere Size 12 OG 2022 Authentic DEAD STOCK,135.0,https://www.ebay.com/itm/276895630725,,2025-02-03,2025-02-03,6
Air Jordan 2 OG 1986,Nike Air Jordan 2 Low Retro Chicago 2016 Size 10 832819-101 White Black Red OG,47.99,https://www.ebay.com/itm/126857899088,,2025-02-06,2025-02-06,6
Air Jordan 2 OG 1986,Nike Air Jordan 2 Retro OG Chicago Red Black 2022 DX2454-106 Size 9,75.0,https://www.ebay.com/itm/226491566818,,2025-02-09,2025-02-09,6
Air Jordan 2 OG 1986,Jordan 2 Retro OG Chicago,140.0,https://www.ebay.com/itm/365359942842,,2025-02-12,2025-02-12,7
Air Jordan 2 OG 1986,Size 13 WORN - Jordan 2 Retro OG Chicago (2022) DX2454-106,75.0,https://www.ebay.com/itm/146443287723,,2025-02-15,2025-02-15,7
Air Jordan 2 OG 1986,Size 10.5 - Brand New Air Jordan 2 Retro OG ' Chicago ' DX2454-106,199.99,https://www.ebay.com/itm/135546385790,,2025-02-19,2025-02-19,8
Air Jordan 2 OG 1986,Nike Air Jordan 2 Retro White Python Sneakers OG Men‚Äôs Size 10.5 DR8884-102,74.95,https://www.ebay.com/itm/205220553098,,2025-02-22,2025-02-22,8
Air Jordan 2 OG 1986,"Nike Air Jordan 2 OG Retro Chicago 2022 / DX4400-106 SZ (W)12 MENS 10.5""",150.0,https://www.ebay.com/itm/155344622645,,2025-02-25,2025-02-25,9
Air Jordan 2 OG 1986,Size 9 WORN - Jordan 2 Retro OG Chicago (2022) DX2454-106,70.0,https://www.ebay.com/itm/146359061782,,2025-02-28,2025-02-28,9
Air Jordan 2 OG 1986,Jordan 2 Retro Chicago Og (Sz.8.5),30.0,https://www.ebay.com/itm/396144388079,,2025-03-03,2025-03-03,10
Air Jordan 2 OG 1986,Nike Air Jordan 2 Retro OG Boys Size 2Y White Chicago Athletic Shoe DQ8564-106,22.0,https://www.ebay.com/itm/186959416937,,2025-03-07,2025-03-07,10
Air Jordan 2 OG 1986,Air Jordan 2 Retro OG Chicago Size 13 DX2454106,125.0,https://www.ebay.com/itm/126805349330,,2025-03-10,2025-03-10,11
Air Jordan 2 OG 1986,DX2454 106 Jordan 2 Retro OG Chicago (2022),190.0,https://www.ebay.com/itm/305740211514,,2025-03-13,2025-03-13,11
Air Jordan 2 OG 1986,USED Nike Air Jordan 2 Retro White Python Sneakers OG Men‚Äôs Size 9.5 DR8884-102,35.0,https://www.ebay.com/itm/156717214840,,2025-03-16,2025-03-16,11
Air Jordan 3 Black Cement 1988,Michael Air Jordan 1988 Photo T Shirt III 3 Cement Men Extra Large,0.99,https://www.ebay.com/itm/126941127968,,2024-12-20,2024-12-20,51
Air Jordan 3 Black Cement 1988,Air Jordan 3 Retro OG Black Cement (2024) DN3707-010 Ship Now Men Size 9,190.0,https://www.ebay.com/itm/267186932211,,2024-12-30,2024-12-30,1
Air Jordan 3 Black Cement 1988,Size 10 - Air Jordan 3 Retro OG Black Cement 2024 DN3707-010,154.99,https://www.ebay.com/itm/126987982331,,2025-01-05,2025-01-05,1
Air Jordan 3 Black Cement 1988,Air Jordan 3 Retro ‚ÄúBlack Cement‚Äù 2018 Size 9 Men Very Used,50.0,https://www.ebay.com/itm/256843197509,,2025-01-09,2025-01-09,2
Air Jordan 3 Black Cement 1988,Size 11 - Air Jordan 3 Retro OG 2024 Black Cement,200.0,https://www.ebay.com/itm/286404702133,,2025-01-12,2025-01-12,2
Air Jordan 3 Black Cement 1988,Size 10 - Nike Air Jordan 3 Retro OG 2024 Black Cement,150.0,https://www.ebay.com/itm/226640906943,,2025-01-15,2025-01-15,3
Air Jordan 3 Black Cement 1988,Nike Air Jordan 3 III Retro OG Black Cement 2024 DN3707-010 Sz 11.5 Authentic,209.0,https://www.ebay.com/itm/276910289860,,2025-01-19,2025-01-19,3
Air Jordan 3 Black Cement 1988,Size 11 - VNDS Air Jordan 3 Retro OG 2024 Black Cement OG ALL WORN TWICE,150.0,https://www.ebay.com/itm/205353843887,,2025-01-22,2025-01-22,4
Air Jordan 3 Black Cement 1988,Air Jordan 3 Black Cement,190.0,https://www.ebay.com/itm/126920191849,,2025-01-25,2025-01-25,4
Air Jordan 3 Black Cement 1988,Jordan 3 Retro OG Black Cement 2018 Size US 9.5 854262-001 Genuine,115.0,https://www.ebay.com/itm/297117705006,,2025-02-01,2025-02-01,5
Air Jordan 3 Black Cement 1988,Air Jordan 3 Retro OG 'Black Cement' 2024,165.0,https://www.ebay.com/itm/396205600388,,2025-02-04,2025-02-04,6
Air Jordan 3 Black Cement 1988,Size 10.5 - Air Jordan 3 Retro OG 2024 Black Cement,157.49,https://www.ebay.com/itm/187010102538,,2025-02-08,2025-02-08,6
Air Jordan 3 Black Cement 1988,Air Jordan 3 Retro OG Black Cement (2024) DN3707-010,155.0,https://www.ebay.com/itm/326403660665,,2025-02-11,2025-02-11,7
Air Jordan 3 Black Cement 1988,Size 8-13 - New Air Jordan 3 Retro OG 2024 Black Cement,175.0,https://www.ebay.com/itm/116513400261,,2025-02-14,2025-02-14,7
Air Jordan 3 Black Cement 1988,Size 11 - Air Jordan 3 Retro OG 2024 Black Cement,126.0,https://www.ebay.com/itm/116516197885,,2025-02-18,2025-02-18,8
Air Jordan 3 Black Cement 1988,Air Jordan 3 Black Cement 2024,185.0,https://www.ebay.com/itm/365414085995,,2025-02-21,2025-02-21,8
Air Jordan 3 Black Cement 1988,Size 9.5 - Air Jordan 3 Retro OG 2024 Black Cement,157.49,https://www.ebay.com/itm/187033121439,,2025-02-24,2025-02-24,9
Air Jordan 3 Black Cement 1988,Air Jordan 3 Retro OG | 2024 Black Cement | DN3707-010 | Size 11.5,199.49,https://www.ebay.com/itm/297115159383,,2025-02-28,2025-02-28,9
Air Jordan 3 Black Cement 1988,Air Jordan 3 Retro OG ‚ÄòBlack Cement‚Äô,200.0,https://www.ebay.com/itm/205303064892,,2025-03-03,2025-03-03,10
Air Jordan 3 Black Cement 1988,Size 12 - Air Jordan 3 Retro OG 2024 Black Cement,169.99,https://www.ebay.com/itm/356652652344,,2025-03-10,2025-03-10,11
Air Jordan 3 Black Cement 1988,Size 10.5 - Jordan 3 Retro OG Black Cement (2024) *LIGHTLY WORN*,145.0,https://www.ebay.com/itm/156772898906,,2025-03-13,2025-03-13,11
Air Jordan 3 Black Cement 1988,"Jordan 3 Retro Black Cement (2011) Size 9, PREOWNED",78.75,https://www.ebay.com/itm/256854989638,,2025-03-16,2025-03-16,11
Air Jordan 3 Retro Black Cement 2011,Size 13 - Jordan 3 Retro release 2011,180.0,https://www.ebay.com/itm/388096425346,,2024-12-16,2024-12-16,51
Air Jordan 3 Retro Black Cement 2011,Size 11 - Jordan 3 Retro release 2011,25.0,https://www.ebay.com/itm/205351411012,,2024-12-19,2024-12-19,51
Air Jordan 3 Retro Black Cement 2011,Size 9.5 -Jordan 3 Retro release 2011,130.0,https://www.ebay.com/itm/226647060477,,2024-12-23,2024-12-23,52
Air Jordan 3 Retro Black Cement 2011,Size 9.5 -Jordan 3 Retro release 2011,130.0,https://www.ebay.com/itm/226598522281,,2024-12-26,2024-12-26,52
Air Jordan 3 Retro Black Cement 2011,Air Jordan 3 Black Cement Retro 2011 Reimagined Cat Cement- Size 6 / 7.5 Wmns,50.0,https://www.ebay.com/itm/316486626140,,2024-12-29,2024-12-29,52
Air Jordan 3 Retro Black Cement 2011,Retro Jordan 3‚Äôs ‚Äú Black Cement‚Äù 2011,55.0,https://www.ebay.com/itm/286391905503,,2025-01-01,2025-01-01,1
Air Jordan 3 Retro Black Cement 2011,Nike Air Jordan Retro 3 Black Cement GS 2011 Youth Size 7Y,55.0,https://www.ebay.com/itm/116467709986,,2025-01-04,2025-01-04,1
Air Jordan 3 Retro Black Cement 2011,Nike AIR JORDAN 3 III RETRO BLACK CEMENT GREY VARSITY RED 136064-010 Men Sz 10.5,71.24,https://www.ebay.com/itm/286384867214,,2025-01-07,2025-01-07,2
Air Jordan 3 Retro Black Cement 2011,"Jordan 3 Retro Black Cement (2011) Size 9, PREOWNED",78.75,https://www.ebay.com/itm/256854989638,,2025-01-10,2025-01-10,2
Air Jordan 3 Retro Black Cement 2011,Size 10 - Jordan 3 Retro release 2011,100.0,https://www.ebay.com/itm/365437996042,,2025-01-13,2025-01-13,3
Air Jordan 3 Retro Black Cement 2011,Nike Air Jordan 3 III Retro Stealth Red 136064-003 Black Cement Gray Mens 10.5,74.99,https://www.ebay.com/itm/276922657082,,2025-01-16,2025-01-16,3
Air Jordan 3 Retro Black Cement 2011,Nike Air Jordan 3 Retro OG 2018 Mid Black Cement 854261-001 Youth Size 6.5Y 2011,63.74,https://www.ebay.com/itm/365372906670,,2025-01-19,2025-01-19,3
Air Jordan 3 Retro Black Cement 2011,Size 10 - Jordan 3 Retro release 2011,218.0,https://www.ebay.com/itm/376045018932,,2025-01-23,2025-01-23,4
Air Jordan 3 Retro Black Cement 2011,Jordan 3 Black Cement Retro release 2011 Size 9.5 Used,89.99,https://www.ebay.com/itm/226629721042,,2025-01-26,2025-01-26,4
Air Jordan 3 Retro Black Cement 2011,Nike Air Jordan 3 Black Cement III Retro Box 136064-010 Mens Size 10 OG ALL RARE,85.05,https://www.ebay.com/itm/176816353425,,2025-01-29,2025-01-29,5
Air Jordan 3 Retro Black Cement 2011,Size 11 - Jordan 3 Retro release 2011,42.5,https://www.ebay.com/itm/365448601793,,2025-02-01,2025-02-01,5
Air Jordan 3 Retro Black Cement 2011,Nike Air Jordan 3 Retro Black Cement 2011 Men‚Äôs Size 10.5,177.0,https://www.ebay.com/itm/116403504196,,2025-02-04,2025-02-04,6
Air Jordan 3 Retro Black Cement 2011,Size 10.5 - Jordan 3 Retro 2011 Black Cement,60.0,https://www.ebay.com/itm/267096652612,,2025-02-07,2025-02-07,6
Air Jordan 3 Retro Black Cement 2011,Nike Air Jordan 3 Retro Black Cement Size 10,75.0,https://www.ebay.com/itm/316179651806,,2025-02-10,2025-02-10,7
Air Jordan 3 Retro Black Cement 2011,Size 14 - Jordan 3 Retro release 2011,65.0,https://www.ebay.com/itm/156730219459,,2025-02-13,2025-02-13,7
Air Jordan 3 Retro Black Cement 2011,Size 10.5 - Jordan 3 Retro release 2011,30.0,https://www.ebay.com/itm/205257119505,,2025-02-16,2025-02-16,7
Air Jordan 3 Retro Black Cement 2011,Size 10.5 - Jordan 3 Retro release 2011 worn/beat,45.0,https://www.ebay.com/itm/116472415059,,2025-02-19,2025-02-19,8
Air Jordan 3 Retro Black Cement 2011,Size 9.5 - Jordan 3 Retro release 2011,20.0,https://www.ebay.com/itm/205257092306,,2025-02-23,2025-02-23,8
Air Jordan 3 Retro Black Cement 2011,2011 Jordan 3 Black Cement New Men‚Äôs 8 NO BOX 136064-010,125.0,https://www.ebay.com/itm/235891510572,,2025-02-26,2025-02-26,9
Air Jordan 3 Retro Black Cement 2011,AIR JORDAN 3 III RETRO USED SIZE 9.5 BLACK CEMENT GREY VARSITY RED 136064-010,79.99,https://www.ebay.com/itm/306135155515,,2025-03-01,2025-03-01,9
Air Jordan 3 Retro Black Cement 2011,Size 12 - Jordan 3 Retro release 2011,150.0,https://www.ebay.com/itm/167278647761,,2025-03-04,2025-03-04,10
Air Jordan 3 Retro Black Cement 2011,Nike Jordan 3 III Retro OG ‚ÄòBlack Cement‚Äô (2011)  136064-010 Size 9 Midsole peel,69.99,https://www.ebay.com/itm/186534336802,,2025-03-13,2025-03-13,11
Air Jordan 3 Retro Black Cement 2011,Size 10.5 - 2011 Jordan 3 Retro OG Mid Black Cement 136064-010,28.86,https://www.ebay.com/itm/116485517143,,2025-03-16,2025-03-16,11
Air Jordan 4 Fire Red 1989,Size 10 - Air Jordan 4 OG 1989 Fire Red,500.0,https://www.ebay.com/itm/326379308689,,2024-12-16,2024-12-16,51
Air Jordan 4 Fire Red 1989,Air Jordan 4 2020 Fire Red Size 10.5 Men,199.99,https://www.ebay.com/itm/226310191030,,2024-12-22,2024-12-22,51
Air Jordan 4 Fire Red 1989,Air Jordan 4 Retro OG 'Fire Red',50.0,https://www.ebay.com/itm/305904072852,,2024-12-25,2024-12-25,52
Air Jordan 4 Fire Red 1989,Jordan 4 OG fire Red,120.0,https://www.ebay.com/itm/236004398176,,2024-12-28,2024-12-28,52
Air Jordan 4 Fire Red 1989,Size 8 - Air Jordan 4 Retro OG Mid Fire Red DC7770 160,150.0,https://www.ebay.com/itm/306175878379,,2025-01-03,2025-01-03,1
Air Jordan 4 Fire Red 1989,Air jordan Retro 4 Fire Red,300.0,https://www.ebay.com/itm/126995269559,,2025-01-06,2025-01-06,2
Air Jordan 4 Fire Red 1989,Size 9.5 Air Jordan 4 Retro Bred Reimagined Black/Fire Red-Cement Grey,210.0,https://www.ebay.com/itm/256858686653,,2025-01-09,2025-01-09,2
Air Jordan 4 Fire Red 1989,Nike Air Jordan 4 Retro Fire Red,115.0,https://www.ebay.com/itm/226518207115,,2025-01-12,2025-01-12,2
Air Jordan 4 Fire Red 1989,Jordan Retro 4 Fire Red Sz 11.5,130.0,https://www.ebay.com/itm/197101111006,,2025-01-15,2025-01-15,3
Air Jordan 4 Fire Red 1989,Jordan 4 Fire Red,55.0,https://www.ebay.com/itm/146370423829,,2025-01-18,2025-01-18,3
Air Jordan 4 Fire Red 1989,Jordan 4 Fire Red,90.0,https://www.ebay.com/itm/235934132294,,2025-01-21,2025-01-21,4
Air Jordan 4 Fire Red 1989,"Nike Mens Air Jordan 4 Retro ""Fire Red""  308497-110Sz 11.5 2012",60.0,https://www.ebay.com/itm/297107017997,,2025-01-24,2025-01-24,4
Air Jordan 4 Fire Red 1989,Air Jordan 4 Fire Red DC7770-160 Shipped from the USA,180.0,https://www.ebay.com/itm/316141994659,,2025-01-27,2025-01-27,5
Air Jordan 4 Fire Red 1989,"Air Jordan 4 Fire Red Size 11 Air Jordan 1 Mid Black, Red, White Size 11.5",60.0,https://www.ebay.com/itm/396287092243,,2025-01-30,2025-01-30,5
Air Jordan 4 Fire Red 1989,Size 9 - Jordan 4 Retro Fire Red,90.0,https://www.ebay.com/itm/256850396835,,2025-02-02,2025-02-02,5
Air Jordan 4 Fire Red 1989,Air Jordan Fire Red 4 Size 9,75.0,https://www.ebay.com/itm/146342230375,,2025-02-05,2025-02-05,6
Air Jordan 4 Fire Red 1989,Nike Air Jordan 4 Retro OG ‚ÄòFire Red 2020‚Äô | SZ 14M | DC7770-160,150.0,https://www.ebay.com/itm/186841961174,,2025-02-08,2025-02-08,6
Air Jordan 4 Fire Red 1989,Nike Air Jordan 4 Retro OG ‚ÄúFire Red‚Äù 2020 Size 10 (DC7770-160) VTG OG RARE MJ,95.0,https://www.ebay.com/itm/306138293601,,2025-02-11,2025-02-11,7
Air Jordan 4 Fire Red 1989,Air Jordan 4 RETRO - BLK/ FIRE RED / CEMENT GRAY NOIR - Mens sz 10.5 - 2019,295.0,https://www.ebay.com/itm/116486503284,,2025-02-14,2025-02-14,7
Air Jordan 4 Fire Red 1989,Air Jordan 4 Retro Fire Red,130.0,https://www.ebay.com/itm/316035443083,,2025-02-20,2025-02-20,8
Air Jordan 4 Fire Red 1989,Jordan 4 Fire Red,25.0,https://www.ebay.com/itm/405473765879,,2025-02-26,2025-02-26,9
Air Jordan 4 Fire Red 1989,Jordan 4 Fire Red Size 10.5 Men,115.0,https://www.ebay.com/itm/396214165641,,2025-03-01,2025-03-01,9
Air Jordan 4 Fire Red 1989,Air Jordan 4 Fire Red Retro OG Size 10.5 Mens White Sneakers 2020 DC7770-160,79.99,https://www.ebay.com/itm/186980801165,,2025-03-04,2025-03-04,10
Air Jordan 4 Fire Red 1989,Jordan 4 Fire Red 2020,120.0,https://www.ebay.com/itm/306083239209,,2025-03-07,2025-03-07,10
Air Jordan 4 Fire Red 1989,Air Jordan 4 Retro Fire Red 2020 Size 10.5 DC7770160,108.0,https://www.ebay.com/itm/126985136228,,2025-03-10,2025-03-10,11
Air Jordan 4 Fire Red 1989,Air Jordan 4 Cement White sz 9 men's 840606-192 fire red tech grey 2016 cookies,160.0,https://www.ebay.com/itm/226615149700,,2025-03-13,2025-03-13,11
Air Jordan 4 Fire Red 1989,Size 11 - Jordan 4 Retro Fire Red 2012,70.0,https://www.ebay.com/itm/135620188555,,2025-03-16,2025-03-16,11
Air Jordan 4 Retro Bred 2019,Size 13 - Jordan 4 Retro OG Mid Bred 2019,410.0,https://www.ebay.com/itm/356676006545,,2024-12-16,2024-12-16,51
Air Jordan 4 Retro Bred 2019,Size 10 - Jordan 4 Retro OG Mid Bred 2019,180.0,https://www.ebay.com/itm/376060202748,,2024-12-20,2024-12-20,51
Air Jordan 4 Retro Bred 2019,Nike Air Jordan 4 Bred 2019 Retro OG 308497-060 Black Red Men‚Äôs Size 10.5 LOOK,142.0,https://www.ebay.com/itm/176900488547,,2024-12-23,2024-12-23,52
Air Jordan 4 Retro Bred 2019,Used Air Jordan 4 Bred Men‚Äôs Size 11 No Box,180.0,https://www.ebay.com/itm/396323483223,,2024-12-30,2024-12-30,1
Air Jordan 4 Retro Bred 2019,Jordan 4 Retro OG Mid Bred 2019 - Size 9,200.0,https://www.ebay.com/itm/286395716150,,2025-01-02,2025-01-02,1
Air Jordan 4 Retro Bred 2019,2019 NIKE AIR JORDAN 4 RETRO OG BRED 308497-060 9 dunk sb royal chicago,325.0,https://www.ebay.com/itm/187030092399,,2025-01-05,2025-01-05,1
Air Jordan 4 Retro Bred 2019,Size 12 - Jordan 4 Retro OG Mid Bred 2019,195.0,https://www.ebay.com/itm/365102445394,,2025-01-09,2025-01-09,2
Air Jordan 4 Retro Bred 2019,Size 4.5 - Jordan 4 Retro Bred Black/Fire Red Cement 2019,185.0,https://www.ebay.com/itm/235803215832,,2025-01-12,2025-01-12,2
Air Jordan 4 Retro Bred 2019,Air Jordan 4 Retro OG ‚Äúbred‚Äù Size 14 (2019),230.0,https://www.ebay.com/itm/166964253950,,2025-01-15,2025-01-15,3
Air Jordan 4 Retro Bred 2019,Size 11 - Jordan 4 Retro OG Mid Bred 2019,196.0,https://www.ebay.com/itm/226637070246,,2025-01-19,2025-01-19,3
Air Jordan 4 Retro Bred 2019,Size 8 - Jordan 4 Retro OG Mid Bred 2019,220.0,https://www.ebay.com/itm/296958635137,,2025-01-22,2025-01-22,4
Air Jordan 4 Retro Bred 2019,Jordan 4 Retro OG Bred 2019 Size 7 *READ DESCRIPTION*,100.0,https://www.ebay.com/itm/405615201681,,2025-01-25,2025-01-25,4
Air Jordan 4 Retro Bred 2019,New Jordan 4 Retro OG Bred 2019! Read Below in the Description:,400.0,https://www.ebay.com/itm/186787206008,,2025-01-29,2025-01-29,5
Air Jordan 4 Retro Bred 2019,Size 14 - Jordan 4 Retro OG Mid Bred 2019,230.0,https://www.ebay.com/itm/286406613324,,2025-02-01,2025-02-01,5
Air Jordan 4 Retro Bred 2019,Size 7.5 - Jordan 4 Retro OG Mid Bred 2019,90.0,https://www.ebay.com/itm/236003604160,,2025-02-04,2025-02-04,6
Air Jordan 4 Retro Bred 2019,Air Jordan 4 Bred 2019,125.0,https://www.ebay.com/itm/187026076758,,2025-02-08,2025-02-08,6
Air Jordan 4 Retro Bred 2019,Size 10.5 - Jordan 4 Retro OG Mid Bred,140.0,https://www.ebay.com/itm/386865091296,,2025-02-11,2025-02-11,7
Air Jordan 4 Retro Bred 2019,Nike Air Jordan 4 Retro OG Mid Bred 2019 (308497-060) Size 8.5,227.05,https://www.ebay.com/itm/335837778759,,2025-02-14,2025-02-14,7
Air Jordan 4 Retro Bred 2019,Size 12 - Jordan 4 Retro OG Mid Bred 2019,295.0,https://www.ebay.com/itm/205351036937,,2025-02-18,2025-02-18,8
Air Jordan 4 Retro Bred 2019,Size 9 - Jordan 4 Retro OG Mid Bred 2019,350.0,https://www.ebay.com/itm/276932816301,,2025-02-21,2025-02-21,8
Air Jordan 4 Retro Bred 2019,Size 10.5 - Jordan 4 Retro OG Bred 2019,420.0,https://www.ebay.com/itm/316477395742,,2025-02-24,2025-02-24,9
Air Jordan 4 Retro Bred 2019,Size 8 - Jordan 4 Retro OG Mid Bred 2019 CLEAN,280.0,https://www.ebay.com/itm/395584829085,,2025-02-28,2025-02-28,9
Air Jordan 4 Retro Bred 2019,Nike Air Jordan 4 Retro OG Mid Bred 2019 308497-060 Black Red Grey White Size 10,250.0,https://www.ebay.com/itm/176829497827,,2025-03-03,2025-03-03,10
Air Jordan 4 Retro Bred 2019,"Nike Air Jordan 4 Retro OG ""Bred"" (2019) Men'sSize 10.5 308497-060",245.0,https://www.ebay.com/itm/335831582638,,2025-03-06,2025-03-06,10
Air Jordan 4 Retro Bred 2019,Size 11 - Jordan 4 Retro Bred 2019,185.0,https://www.ebay.com/itm/365443837965,,2025-03-10,2025-03-10,11
Air Jordan 4 Retro Bred 2019,Size 9 - Jordan 4 Retro OG Mid Bred,465.0,https://www.ebay.com/itm/145590397476,,2025-03-13,2025-03-13,11
Air Jordan 4 Retro Bred 2019,Nike Air Jordan 4 Retro Black Cement 2019 Bred IV - US 10 Brand New DS,400.0,https://www.ebay.com/itm/176782393617,,2025-03-16,2025-03-16,11
Air Jordan 5 Grape 1990,Jordan 5 OG Grape Nike Air Size 9 Box 1990,575.0,https://www.ebay.com/itm/326407329814,,2024-12-19,2024-12-19,51
Air Jordan 5 Grape 1990,Air Jordan 5 Retro NRG Fresh Prince Grape AV3919 135 Size 10 USED ) ((No Box)),90.0,https://www.ebay.com/itm/305978679076,,2024-12-22,2024-12-22,51
Air Jordan 5 Grape 1990,Nike Air Jordan 5 Retro Grape Fresh Prince Size 8.5 US Men's Jordan V,99.99,https://www.ebay.com/itm/126984341042,,2024-12-25,2024-12-25,52
Air Jordan 5 Grape 1990,Nike Air Jordan 5 Retro OG Men's Sneakers HF3975-001 Size 10 Metallic Reimagined,180.0,https://www.ebay.com/itm/226642114326,,2024-12-28,2024-12-28,52
Air Jordan 5 Grape 1990,Size 10.5 - Jordan 5 Retro Grape 2013,80.0,https://www.ebay.com/itm/405408649366,,2024-12-31,2024-12-31,1
Air Jordan 5 Grape 1990,Original Nike Air Jordan 5 V OG 1990 White Fire Red Size 11 VTG,299.99,https://www.ebay.com/itm/388009209665,,2025-01-03,2025-01-03,1
Air Jordan 5 Grape 1990,Jordan 5 Reverse Grape,80.0,https://www.ebay.com/itm/365304612024,,2025-01-06,2025-01-06,2
Air Jordan 5 Grape 1990,Size 10 - Jordan 5 Retro Grape 2013,90.0,https://www.ebay.com/itm/326445665975,,2025-01-09,2025-01-09,2
Air Jordan 5 Grape 1990,jordan 5,20.0,https://www.ebay.com/itm/396167922388,,2025-01-12,2025-01-12,2
Air Jordan 5 Grape 1990,Air Jordan 5 Retro ‚ÄòAlternate Grape‚Äô,69.0,https://www.ebay.com/itm/396306035922,,2025-01-15,2025-01-15,3
Air Jordan 5 Grape 1990,Jordan 5 Retro Grape 2013 - Men‚Äôs Size 10.5,20.0,https://www.ebay.com/itm/405589377800,,2025-01-18,2025-01-18,3
Air Jordan 5 Grape 1990,Air Jordan 5 Retro OG Black Metallic Reimagined HF3975-001 All Men's Sizes,275.0,https://www.ebay.com/itm/365381346524,,2025-01-21,2025-01-21,4
Air Jordan 5 Grape 1990,Grape Jordan 5,50.0,https://www.ebay.com/itm/256853316425,,2025-01-24,2025-01-24,4
Air Jordan 5 Grape 1990,Size 11.5 - Jordan 5 Retro Grape 2013,29.0,https://www.ebay.com/itm/135495774743,,2025-01-27,2025-01-27,5
Air Jordan 5 Grape 1990,Size 10.5 - Jordan 5 Retro Alternate Grape 2020,112.49,https://www.ebay.com/itm/187033121431,,2025-01-30,2025-01-30,5
Air Jordan 5 Grape 1990,Air Jordan 5 OG 1990 Metallic,275.0,https://www.ebay.com/itm/365400207553,,2025-02-02,2025-02-02,5
Air Jordan 5 Grape 1990,Jordan 5 Grape,27.0,https://www.ebay.com/itm/387758508654,,2025-02-05,2025-02-05,6
Air Jordan 5 Grape 1990,Jordan 5 Pre Grape Size 11 Used,42.49,https://www.ebay.com/itm/306120749324,,2025-02-08,2025-02-08,6
Air Jordan 5 Grape 1990,Sz 11.5 - 2013 Air Jordan 5 Grape | 136027-108 |,22.0,https://www.ebay.com/itm/316102047325,,2025-02-11,2025-02-11,7
Air Jordan 5 Grape 1990,Jordan 5 Retro Alternate Grape 2020,100.0,https://www.ebay.com/itm/276931393040,,2025-02-14,2025-02-14,7
Air Jordan 5 Grape 1990,OG Air Jordan 5 Grape 2013 Size 10.5 Style #136027-108 Please See Pictures,55.55,https://www.ebay.com/itm/286290590820,,2025-02-17,2025-02-17,8
Air Jordan 5 Grape 1990,Size 11.5 - Air Jordan 5 Retro Grape  136027-108,60.0,https://www.ebay.com/itm/356500930202,,2025-02-20,2025-02-20,8
Air Jordan 5 Grape 1990,Size 10 - Jordan 5 Retro Grape 2013,119.99,https://www.ebay.com/itm/135580309739,,2025-02-23,2025-02-23,8
Air Jordan 5 Grape 1990,Size 10.5/11 - Jordan 5 Retro Alternate Grape 2020 - New MISMATCH SIZES,99.99,https://www.ebay.com/itm/376067265149,,2025-02-26,2025-02-26,9
Air Jordan 5 Grape 1990,Size 10 - Air Jordan 5 Retro OG Black Metallic Reimagined,275.0,https://www.ebay.com/itm/405656828922,,2025-03-01,2025-03-01,9
Air Jordan 5 Grape 1990,Jordan 5 Grape Size 10.5 2013 Pre Owned With Box,104.99,https://www.ebay.com/itm/176810411030,,2025-03-04,2025-03-04,10
Air Jordan 5 Grape 1990,Air  Jordan 5 Pre Grape Size 11.5,41.24,https://www.ebay.com/itm/306110024820,,2025-03-07,2025-03-07,10
Air Jordan 5 Grape 1990,Size 10 - Air Jordan 5 Retro OG Black Metallic Reimagined,200.0,https://www.ebay.com/itm/388009016576,,2025-03-10,2025-03-10,11
Air Jordan 5 Grape 1990,Jordan 5 Grape,65.0,https://www.ebay.com/itm/196897895233,,2025-03-13,2025-03-13,11
Air Jordan 5 Grape 1990,*USED* Jordan 5 Pre-Grape Sz 12,38.0,https://www.ebay.com/itm/396222789660,,2025-03-16,2025-03-16,11
Air Jordan 5 Retro Raging Bull,Jordan 5 Retro Raging Bull Red (2021) Style DD0587-600 Mens Size 8.5,90.0,https://www.ebay.com/itm/267191317355,,2024-12-16,2024-12-16,51
Air Jordan 5 Retro Raging Bull,Air Jordan 5 Retro Raging Bull Size 11 Men‚Äôs,220.0,https://www.ebay.com/itm/316504066463,,2024-12-20,2024-12-20,51
Air Jordan 5 Retro Raging Bull,Air Jordan 5 Retro ‚ÄòRaging Bull‚Äô Size 11,220.0,https://www.ebay.com/itm/396326225203,,2024-12-23,2024-12-23,52
Air Jordan 5 Retro Raging Bull,Size 12 - Jordan 5 Retro Mid Raging Bull,80.74,https://www.ebay.com/itm/356661205419,,2024-12-26,2024-12-26,52
Air Jordan 5 Retro Raging Bull,Size 11.5 - Air Jordan 5 Retro DMP Raging Bull Pack,18.0,https://www.ebay.com/itm/405662414403,,2024-12-29,2024-12-29,52
Air Jordan 5 Retro Raging Bull,Size 12 - Jordan 5 Retro Mid Raging Bull,325.0,https://www.ebay.com/itm/226463600602,,2025-01-01,2025-01-01,1
Air Jordan 5 Retro Raging Bull,NEW Air Jordan V 5 Retro Mid Raging Bull Size 11.5 DD0587-600 Varsity Red,319.99,https://www.ebay.com/itm/326169525878,,2025-01-05,2025-01-05,1
Air Jordan 5 Retro Raging Bull,Size 12 - Jordan 5 Retro Mid Raging Bull,175.0,https://www.ebay.com/itm/204788628203,,2025-01-08,2025-01-08,2
Air Jordan 5 Retro Raging Bull,Size 10 - Jordan 5 Retro Mid Raging Bull,200.0,https://www.ebay.com/itm/297022700201,,2025-01-11,2025-01-11,2
Air Jordan 5 Retro Raging Bull,Size 11M - Jordan 5 Retro Mid Raging Bull *PREOWNED REP. BOX! STEAL STEAL STEAL!,100.0,https://www.ebay.com/itm/236003298687,,2025-01-14,2025-01-14,3
Air Jordan 5 Retro Raging Bull,Men‚Äôs Jordan 5 Raging Bull Size 9,200.0,https://www.ebay.com/itm/186486005780,,2025-01-17,2025-01-17,3
Air Jordan 5 Retro Raging Bull,Jordan 5 raging bull 2021 size 11,120.0,https://www.ebay.com/itm/387915246363,,2025-01-21,2025-01-21,4
Air Jordan 5 Retro Raging Bull,Size 8.5 - Jordan 5 Retro Mid Raging Bull,56.0,https://www.ebay.com/itm/405654191470,,2025-01-24,2025-01-24,4
Air Jordan 5 Retro Raging Bull,Nike Air Jordan 5 Retro Raging Bull Red Suede Basketball Shoes Men's 10,71.9,https://www.ebay.com/itm/235902369139,,2025-01-27,2025-01-27,5
Air Jordan 5 Retro Raging Bull,Size 8 - Jordan 5 Retro Mid Raging Bull,143.99,https://www.ebay.com/itm/187030426491,,2025-01-30,2025-01-30,5
Air Jordan 5 Retro Raging Bull,Jordan 5 Retro Mid Raging Bull,215.0,https://www.ebay.com/itm/286406750301,,2025-02-03,2025-02-03,6
Air Jordan 5 Retro Raging Bull,Size 13 - Air Jordan 5 Retro Olympic Gold Medal Metallic Raging Bull,80.0,https://www.ebay.com/itm/176918212744,,2025-02-06,2025-02-06,6
Air Jordan 5 Retro Raging Bull,Size 10.5- Jordan 5 Raging Bull Pack 2009 3M Reflective,110.0,https://www.ebay.com/itm/267180316132,,2025-02-09,2025-02-09,6
Air Jordan 5 Retro Raging Bull,Size 9 - Jordan 5 Retro Mid Raging Bull,130.49,https://www.ebay.com/itm/187038255531,,2025-02-12,2025-02-12,7
Air Jordan 5 Retro Raging Bull,Size 10.5 - Jordan 5 Retro Mid Raging Bull,202.49,https://www.ebay.com/itm/186998552118,,2025-02-15,2025-02-15,7
Air Jordan 5 Retro Raging Bull,"Air Jordan 5 Retro ""RAGING BULL RED SUEDE"" 2021 - Size 11.5 - dd0587 600 (1-22..",268.0,https://www.ebay.com/itm/276811175428,,2025-02-19,2025-02-19,8
Air Jordan 5 Retro Raging Bull,Size 8.5 - Jordan 5 Retro Mid Raging Bull,89.99,https://www.ebay.com/itm/135514566502,,2025-02-22,2025-02-22,8
Air Jordan 5 Retro Raging Bull,Size 9.5 - Jordan 5 Retro Mid Raging Bull,225.0,https://www.ebay.com/itm/135253597912,,2025-02-25,2025-02-25,9
Air Jordan 5 Retro Raging Bull,Size 8.5 - Jordan 5 Retro Mid Raging Bull - DD0587-600 2021,95.05,https://www.ebay.com/itm/388037672496,,2025-02-28,2025-02-28,9
Air Jordan 5 Retro Raging Bull,Size 10.5 - Jordan 5 Retro Mid Raging Bull With Box,119.0,https://www.ebay.com/itm/196829586500,,2025-03-03,2025-03-03,10
Air Jordan 5 Retro Raging Bull,Size 11 - Jordan 5 Retro Mid Raging Bull,120.0,https://www.ebay.com/itm/365454786995,,2025-03-07,2025-03-07,10
Air Jordan 5 Retro Raging Bull,Size 9 - Jordan 5 Retro Mid Raging Bull,210.0,https://www.ebay.com/itm/314485046807,,2025-03-10,2025-03-10,11
Air Jordan 5 Retro Raging Bull,Size 11 - Nike Air Jordan 5 Retro Raging Bull 2021 Men's Shoes - Ships Now,169.0,https://www.ebay.com/itm/405523970917,,2025-03-13,2025-03-13,11
Air Jordan 5 Retro Raging Bull,Jordan 5 Raging Bull Size 11,145.0,https://www.ebay.com/itm/156570638327,,2025-03-16,2025-03-16,11
Air Jordan 6 Infrared 1991,ORIGINAL 1991 Nike Air Jordan 6 BLACK INFRARED size 11 RARE unc bred chicago bin,925.0,https://www.ebay.com/itm/256185220697,,2024-12-16,2024-12-16,51
Air Jordan 6 Infrared 1991,Size 8 - Air Jordan 6 OG 1991 White Infrared,150.0,https://www.ebay.com/itm/296985852733,,2024-12-19,2024-12-19,51
Air Jordan 6 Infrared 1991,1991 Air Jordan 7 OG Infrared with original box.,40.0,https://www.ebay.com/itm/176805664235,,2024-12-22,2024-12-22,51
Air Jordan 6 Infrared 1991,Size 10 -Jordan 6 Retro Infrared Black 2014 In Perfect Condition,55.0,https://www.ebay.com/itm/396117150254,,2024-12-28,2024-12-28,52
Air Jordan 6 Infrared 1991,Nike Air Jordan 6 Retro Infrared Black Red 2014 Sz 11.5 384664-023 Sneakers OG,63.71,https://www.ebay.com/itm/197094889009,,2024-12-31,2024-12-31,1
Air Jordan 6 Infrared 1991,Size 11.5 - Jordan 6 Retro Mid Infrared,65.0,https://www.ebay.com/itm/316502633115,,2025-01-03,2025-01-03,1
Air Jordan 6 Infrared 1991,Sz 12 - Air Jordan 6 Retro ‚ÄúInfrared‚Äù (2019) 384664-060 (SHIPS ASAP),115.0,https://www.ebay.com/itm/256851591167,,2025-01-09,2025-01-09,2
Air Jordan 6 Infrared 1991,Size 10.5 - Jordan 6 Retro Mid Infrared 2019,250.0,https://www.ebay.com/itm/167328103975,,2025-01-15,2025-01-15,3
Air Jordan 6 Infrared 1991,Size 10 - Jordan 6 Retro Mid Infrared 2019,105.0,https://www.ebay.com/itm/388057409925,,2025-01-18,2025-01-18,3
Air Jordan 6 Infrared 1991,Size 8.5 - Jordan 6 Retro Mid Infrared,100.0,https://www.ebay.com/itm/135595721798,,2025-01-24,2025-01-24,4
Air Jordan 6 Infrared 1991,Size 13 - Jordan 6 Retro Infrared Black 2014,90.0,https://www.ebay.com/itm/156793462488,,2025-01-27,2025-01-27,5
Air Jordan 6 Infrared 1991,"CL New Air Jordan 6 ""Infrared"" Men's shoes black/red 384664-060",249.4,https://www.ebay.com/itm/286387433286,,2025-01-30,2025-01-30,5
Air Jordan 6 Infrared 1991,Air Jordan 6 Infrared,45.0,https://www.ebay.com/itm/126846987063,,2025-02-02,2025-02-02,5
Air Jordan 6 Infrared 1991,Air Jordan 6 Infrared (2019) Size 8.5M **WILL SHIP ASAP**,135.0,https://www.ebay.com/itm/326413177977,,2025-02-05,2025-02-05,6
Air Jordan 6 Infrared 1991,Size 12 - Jordan 6 Retro Infrared,140.0,https://www.ebay.com/itm/316311936350,,2025-02-08,2025-02-08,6
Air Jordan 6 Infrared 1991,Air Jordan 6 Retro Black Infrared Size 11 (2019),135.0,https://www.ebay.com/itm/376039789808,,2025-02-11,2025-02-11,7
Air Jordan 6 Infrared 1991,Jordan 6 Retro Infrared ‚Äò19 size 10 clean,135.0,https://www.ebay.com/itm/226541200123,,2025-02-14,2025-02-14,7
Air Jordan 6 Infrared 1991,2019 Nike Air Jordan 6 Black Infrared Size 9.5,170.0,https://www.ebay.com/itm/396234562275,,2025-02-17,2025-02-17,8
Air Jordan 6 Infrared 1991,Air Jordan 6 Infrared Men‚Äôs Size 11 Smoke Free Home In Almost Mint Condition.,160.0,https://www.ebay.com/itm/267151986228,,2025-02-20,2025-02-20,8
Air Jordan 6 Infrared 1991,*AUTHENTICATED* Jordan 6 Infrared 2019 Size 10,220.0,https://www.ebay.com/itm/267150690521,,2025-02-23,2025-02-23,8
Air Jordan 6 Infrared 1991,Jordan 6 - Infrared- Size 10.5.   Worn Once!!,135.0,https://www.ebay.com/itm/356605259079,,2025-02-26,2025-02-26,9
Air Jordan 6 Infrared 1991,Jordan 6 2014 Infrared,100.0,https://www.ebay.com/itm/286388360614,,2025-03-01,2025-03-01,9
Air Jordan 6 Infrared 1991,Size 11 - Jordan 6 Retro Mid Infrared,190.0,https://www.ebay.com/itm/286401258614,,2025-03-04,2025-03-04,10
Air Jordan 6 Infrared 1991,Size 11 - Air Jordan 3 Infrared 23,35.0,https://www.ebay.com/itm/326485303158,,2025-03-07,2025-03-07,10
Air Jordan 6 Infrared 1991,Jordan 6 'Infrared' (2019) - Size US 10.5 Mens - Box Included,140.0,https://www.ebay.com/itm/306039089603,,2025-03-10,2025-03-10,11
Air Jordan 6 Infrared 1991,Size 10.5 - Jordan 6 Retro Infrared Black 2014,80.0,https://www.ebay.com/itm/256847469016,,2025-03-13,2025-03-13,11
Air Jordan 6 Infrared 1991,Jordan 6 Infrared Size 8,20.0,https://www.ebay.com/itm/197099336491,,2025-03-16,2025-03-16,11
Air Jordan 6 Travis Scott,Jordan Retro 6 Travis Scott Olive Size 8.5 VNDS,220.0,https://www.ebay.com/itm/226649907411,,2024-12-16,2024-12-16,51
Air Jordan 6 Travis Scott,Air Jordan 6 Travis Scott Olive Retro Size 8.5 Men‚Äôs Sneakers 2019 CN1084-200,180.0,https://www.ebay.com/itm/116467822365,,2024-12-20,2024-12-20,51
Air Jordan 6 Travis Scott,Nike Air Jordan Retro 6 x Travis Scott/Cactus Jack Olive 2019 BOX ONLY Size 11 M,25.0,https://www.ebay.com/itm/126965665066,,2024-12-29,2024-12-29,52
Air Jordan 6 Travis Scott,Size 13 - Jordan 6 Retro x Travis Scott Mid British Khaki DH0690-200,275.0,https://www.ebay.com/itm/286246070467,,2025-01-02,2025-01-02,1
Air Jordan 6 Travis Scott,Size 11 - Jordan 6 Retro x Travis Scott Mid Olive Good Used Condition,199.0,https://www.ebay.com/itm/197092675934,,2025-01-06,2025-01-06,2
Air Jordan 6 Travis Scott,Air Jordan 6 Retro Travis Scott British Khaki Size 9.5 - Damaged Box,350.0,https://www.ebay.com/itm/186819944468,,2025-01-10,2025-01-10,2
Air Jordan 6 Travis Scott,Size 10 - Jordan 6 Retro x Travis Scott,325.0,https://www.ebay.com/itm/356665834430,,2025-01-18,2025-01-18,3
Air Jordan 6 Travis Scott,Size 10.5M - Jordan 6 Retro x Travis Scott Mid Olive CN1084-200 GREAT CONDITION,240.0,https://www.ebay.com/itm/286406801939,,2025-01-22,2025-01-22,4
Air Jordan 6 Travis Scott,Size 13 - Jordan 6 Retro x Travis Scott Mid British Khaki,269.99,https://www.ebay.com/itm/186966741004,,2025-01-26,2025-01-26,4
Air Jordan 6 Travis Scott,Size 11 - Jordan 6 Retro x Travis Scott Mid Olive CN1084-200 BRAND NEW MENS,354.99,https://www.ebay.com/itm/405655421408,,2025-01-30,2025-01-30,5
Air Jordan 6 Travis Scott,Size 10 - Air Jordan 6 Retro x Travis Scott Cactus Jack British Khaki,215.0,https://www.ebay.com/itm/388052652782,,2025-02-03,2025-02-03,6
Air Jordan 6 Travis Scott,Travis Scott Air Jordan 6 British Khaki,180.0,https://www.ebay.com/itm/135614449572,,2025-02-07,2025-02-07,6
Air Jordan 6 Travis Scott,Travis Scott x Jordan 6 Retro Mid Olive - Size 12 Mens,450.0,https://www.ebay.com/itm/365448211077,,2025-02-16,2025-02-16,7
Air Jordan 6 Travis Scott,Air Jordan 6 Retro Travis Scott British Khaki Size 9.5 Brand New DH0690-200,400.0,https://www.ebay.com/itm/135405897056,,2025-02-20,2025-02-20,8
Air Jordan 6 Travis Scott,Size 10.5 - Jordan 6 Retro x Travis Scott Olive,320.0,https://www.ebay.com/itm/126854748336,,2025-02-24,2025-02-24,9
Air Jordan 6 Travis Scott,Size 12 - Jordan 6 Retro x Travis Scott Mid British Khaki,74.99,https://www.ebay.com/itm/226638037211,,2025-02-28,2025-02-28,9
Air Jordan 6 Travis Scott,Size 11 - Jordan 6 Retro Travis Scott Mid British Khaki - W/ OG Box/Laces/Locks,210.0,https://www.ebay.com/itm/235997017193,,2025-03-04,2025-03-04,10
Air Jordan 6 Travis Scott,Size 13 - Jordan 6 Retro x Travis Scott Mid Olive VNDS,340.0,https://www.ebay.com/itm/395584760788,,2025-03-08,2025-03-08,10
Air Jordan 6 Travis Scott,Size 6 Travis Scott Medium Olive Jordan 1 Low Fragment Mocha Reverse Phantom,525.0,https://www.ebay.com/itm/126970232478,,2025-03-12,2025-03-12,11
Air Jordan 6 Travis Scott,Size 15 Jordan 6 Retro Travis Scott British Khaki,219.99,https://www.ebay.com/itm/297107727651,,2025-03-16,2025-03-16,11
Air Jordan 7 Olympic 1992,Nike Air Jordan 7 Olympic 1992 Original sz 9.5 DS OG,450.0,https://www.ebay.com/itm/235111989201,,2024-12-19,2024-12-19,51
Air Jordan 7 Olympic 1992,1992 Nike Air Jordan 7 VII Olympic Size 11.5 DS Vintage VTG VNTG Barcelona Hare,599.99,https://www.ebay.com/itm/116293694607,,2024-12-22,2024-12-22,51
Air Jordan 7 Olympic 1992,Air Jordan 7 OG Olympic 1991 1992 Size 11 100% WEARABLE!,360.0,https://www.ebay.com/itm/155807326395,,2024-12-25,2024-12-25,52
Air Jordan 7 Olympic 1992,1992 Nike Air Jordan 7 VII Olympic Size 12 DS Vintage VTG VNTG Barcelona Hare,960.0,https://www.ebay.com/itm/156523426583,,2024-12-28,2024-12-28,52
Air Jordan 7 Olympic 1992,Size 10.5 - 1992 OG Air Jordan 7 Olympic Vintage VTG NIKE ORGINAL READ DESCRIPTI,350.0,https://www.ebay.com/itm/365263229411,,2024-12-31,2024-12-31,1
Air Jordan 7 Olympic 1992,OG 1992 Air Jordan 7 Olympic Team USA Dream Team Basketball Sz 10,374.99,https://www.ebay.com/itm/176662081247,,2025-01-03,2025-01-03,1
Air Jordan 7 Olympic 1992,VINTAGE OG 1992 AIR JORDAN 7 VII OLYMPIC SIZE 12 DS READ,395.0,https://www.ebay.com/itm/256780268070,,2025-01-06,2025-01-06,2
Air Jordan 7 Olympic 1992,Size 11 - Air Jordan 7 OG Hare - 130014-100,120.0,https://www.ebay.com/itm/135128571473,,2025-01-09,2025-01-09,2
Air Jordan 7 Olympic 1992,1992 Original Air Jordan 7 - Olympic Dream Team 130157 110 00 Sz 9 NO RESERVE,177.5,https://www.ebay.com/itm/167262466718,,2025-01-12,2025-01-12,2
Air Jordan 7 Olympic 1992,1992 Jordan 7 OG Olympic Sz 10.5 Used,110.0,https://www.ebay.com/itm/316070596249,,2025-01-18,2025-01-18,3
Air Jordan 7 Olympic 1992,1992 OG NIKE AIR JORDAN VII 7 USA OLYMPIC WHITE NAVY BLUE RED 130157-110 9.5,350.99,https://www.ebay.com/itm/404983786218,,2025-01-24,2025-01-24,4
Air Jordan 7 Olympic 1992,Jordan Retro 7 Olympic,65.0,https://www.ebay.com/itm/267157052746,,2025-01-27,2025-01-27,5
Air Jordan 7 Olympic 1992,Size 13 - Air Jordan 7 Retro 2012 Olympic WORN ONCE,170.0,https://www.ebay.com/itm/205215057143,,2025-02-02,2025-02-02,5
Air Jordan 7 Olympic 1992,Size 9.5 - Air Jordan 7 Retro 2004 Olympic 304775-171 Authentic DS OG BOX,150.0,https://www.ebay.com/itm/396245940295,,2025-02-05,2025-02-05,6
Air Jordan 7 Olympic 1992,"Air Jordan 7 Retro ""OLYMPIC"" 2012 - Size 8.5 - 304775 135 (12642-1)",115.0,https://www.ebay.com/itm/286340971500,,2025-02-08,2025-02-08,6
Air Jordan 7 Olympic 1992,Size 12 - Air Jordan 7 Retro 2012 Olympic,165.0,https://www.ebay.com/itm/296897634443,,2025-02-11,2025-02-11,7
Air Jordan 7 Olympic 1992,Air Jordan Olympic 7,65.0,https://www.ebay.com/itm/226493258525,,2025-02-14,2025-02-14,7
Air Jordan 7 Olympic 1992,Air Jordan 7 Retro Olympic 2004 Size 11.5 Used 304775-171,111.0,https://www.ebay.com/itm/326450447821,,2025-02-20,2025-02-20,8
Air Jordan 7 Olympic 1992,Size 10 - Air Jordan 7 Retro 2004 Olympic,40.0,https://www.ebay.com/itm/226570467961,,2025-02-23,2025-02-23,8
Air Jordan 7 Olympic 1992,"Size 11 - Air Jordan 7 Retro 2012 Olympic Used, No Box",100.0,https://www.ebay.com/itm/226591833639,,2025-02-26,2025-02-26,9
Air Jordan 7 Olympic 1992,Jordan 7 Olympic 2012 Size 10.5,50.0,https://www.ebay.com/itm/196993372149,,2025-03-04,2025-03-04,10
Air Jordan 7 Olympic 1992,"Men's Jordan 6 Retro ""Olympic"" White/Varsity Red (CT8529 164)",80.0,https://www.ebay.com/itm/405643792620,,2025-03-07,2025-03-07,10
Air Jordan 7 Olympic 1992,Jordan 6 Olympic Size 13 VNDS Super CLEAN!!!,88.0,https://www.ebay.com/itm/256849543027,,2025-03-10,2025-03-10,11
Air Jordan 7 Olympic 1992,Jordan 7 Olympic 2012 Size 8.5 (304775-135) EU 42,62.0,https://www.ebay.com/itm/256806074868,,2025-03-13,2025-03-13,11
Air Jordan 7 Olympic 1992,Nike Air Jordan 7 VII Retro Olympic USA 2012 Red White Blue 304775-135 Mens 14,105.0,https://www.ebay.com/itm/116402357840,,2025-03-16,2025-03-16,11
Air Jordan 8 Aqua 1993,Size 10 - Air Jordan 8 OG 1993 Aqua Replacement Box,230.0,https://www.ebay.com/itm/326379110432,,2024-12-16,2024-12-16,51
Air Jordan 8 Aqua 1993,Nike Air Jordan 8 OG 1993 Aqua US 11 EUR 45,250.0,https://www.ebay.com/itm/135522244420,,2024-12-19,2024-12-19,51
Air Jordan 8 Aqua 1993,1993 Original Nike Air Jordan VIII OG 8 Aqua Size 10 Rare Bugs Bunny Display,200.0,https://www.ebay.com/itm/226498626135,,2024-12-22,2024-12-22,51
Air Jordan 8 Aqua 1993,Jordan 8 OG Aqua 2007 size 13,54.99,https://www.ebay.com/itm/166615649664,,2024-12-25,2024-12-25,52
Air Jordan 8 Aqua 1993,Size 9 - Air Jordan 8 OG 1993 Aqua,425.0,https://www.ebay.com/itm/316058388686,,2024-12-31,2024-12-31,1
Air Jordan 8 Aqua 1993,2015 Jordan 8 Aqua / Size 10.5 Men‚Äôs,60.0,https://www.ebay.com/itm/335858867760,,2025-01-03,2025-01-03,1
Air Jordan 8 Aqua 1993,Nike Air Jordan 8 Retro Aqua 2015 Size 9.5 305381-025 Black Purple Blue Teal OG,60.0,https://www.ebay.com/itm/286308181885,,2025-01-09,2025-01-09,2
Air Jordan 8 Aqua 1993,Air Jordan Retro 8 Aqua 2015 Size 9,100.0,https://www.ebay.com/itm/388001193149,,2025-01-12,2025-01-12,2
Air Jordan 8 Aqua 1993,Nike Air Jordan 8 Retro Aqua 2015 Single Shoe 9.5 Black Purple Blue Teal OG,45.0,https://www.ebay.com/itm/316222008078,,2025-01-15,2025-01-15,3
Air Jordan 8 Aqua 1993,Air Jordan 8 ‚ÄúAqua‚Äù Size 10.5 Pre-owned,80.0,https://www.ebay.com/itm/235881128695,,2025-01-18,2025-01-18,3
Air Jordan 8 Aqua 1993,Size 11.5 - Air Jordan 8 Retro 2007 Aqua (Paint Cracking),70.0,https://www.ebay.com/itm/256792151549,,2025-01-21,2025-01-21,4
Air Jordan 8 Aqua 1993,Nike Air Jordan 8 Retro Aqua 2015 Size 11 305381-025 Black Purple Blue Teal OG,100.0,https://www.ebay.com/itm/146316672909,,2025-01-24,2025-01-24,4
Air Jordan 8 Aqua 1993,Air Jordan 8 Retro Aqua 2015 Size 11 305381025,199.46,https://www.ebay.com/itm/235984848677,,2025-01-27,2025-01-27,5
Air Jordan 8 Aqua 1993,*AUTHENTIC* Jordan 8 Retro Aqua 2015 Sz 10,125.0,https://www.ebay.com/itm/267120656701,,2025-01-30,2025-01-30,5
Air Jordan 8 Aqua 1993,2007 Jordan Retro 8 ‚ÄúAqua‚Äù,45.0,https://www.ebay.com/itm/365318412586,,2025-02-02,2025-02-02,5
Air Jordan 8 Aqua 1993,Air Jordan 8 Aqua 2007 Sz 9.5 Restoration project,30.0,https://www.ebay.com/itm/256795953794,,2025-02-05,2025-02-05,6
Air Jordan 8 Aqua 1993,Nike Air Jordan 8 Retro VIII 2007 OG Aqua Size 13 High,60.0,https://www.ebay.com/itm/256832547850,,2025-02-08,2025-02-08,6
Air Jordan 8 Aqua 1993,Size 10.5 - Jordan 8 Retro Aqua 2015,205.0,https://www.ebay.com/itm/387732690540,,2025-02-11,2025-02-11,7
Air Jordan 8 Aqua 1993,Sz 9 Nike Air Jordan 8 Retro Aqua Black Purple Blue Teal OG **No Insoles (157),60.0,https://www.ebay.com/itm/135531053768,,2025-02-14,2025-02-14,7
Air Jordan 8 Aqua 1993,Air Jordan Retro 8 Aqua,70.0,https://www.ebay.com/itm/356435372034,,2025-02-17,2025-02-17,8
Air Jordan 8 Aqua 1993,Size 9.5 - Jordan 8 Retro Aqua 2015,120.0,https://www.ebay.com/itm/186866092312,,2025-02-23,2025-02-23,8
Air Jordan 8 Aqua 1993,Air Jordan 8 Retro Aqua - Size 11,86.0,https://www.ebay.com/itm/388034283934,,2025-03-01,2025-03-01,9
Air Jordan 8 Aqua 1993,Air Jordan 8 Aqua,145.0,https://www.ebay.com/itm/387764076845,,2025-03-04,2025-03-04,10
Air Jordan 8 Aqua 1993,Size 10 - Jordan 8 Retro Aqua 2015,100.0,https://www.ebay.com/itm/316303291225,,2025-03-07,2025-03-07,10
Air Jordan 8 Aqua 1993,Air Jordan 8 Retro Phoenix Suns Knicks Aqua Playoffs Hare Rare Mens Size 12,70.43,https://www.ebay.com/itm/156769626889,,2025-03-10,2025-03-10,11
Air Jordan 8 Aqua 1993,Air Jordan 8 Retro Aqua 2015 Size 9.5 Lightly Worn With Box Nike All Star Game,169.99,https://www.ebay.com/itm/116497389808,,2025-03-16,2025-03-16,11
Air Jordan 9 Space Jam 1994,Jordan 9 1994 Space Jam Soles DS/ Newü¶Ñ,22.99,https://www.ebay.com/itm/126856410412,,2024-12-19,2024-12-19,51
Air Jordan 9 Space Jam 1994,Size 14 - Jordan 9 Retro space jam 2016,145.0,https://www.ebay.com/itm/286409518348,,2024-12-22,2024-12-22,51
Air Jordan 9 Space Jam 1994,Nike Air Jordan 9 OG Space Jam  Sz 10 New,300.0,https://www.ebay.com/itm/276904726105,,2024-12-25,2024-12-25,52
Air Jordan 9 Space Jam 1994,Air Jordan 9 Space Jam,159.99,https://www.ebay.com/itm/405597236469,,2024-12-28,2024-12-28,52
Air Jordan 9 Space Jam 1994,New Nike Air Jordan 9 Space Jam OG Retro Size 11 Mens 2016 Release,330.0,https://www.ebay.com/itm/156646762440,,2024-12-31,2024-12-31,1
Air Jordan 9 Space Jam 1994,Jordan 9  Retro OG - Space Jam (2016) Size 12,38.0,https://www.ebay.com/itm/186939909546,,2025-01-03,2025-01-03,1
Air Jordan 9 Space Jam 1994,Size 9.5 - Air Jordan 9 Retro Space Jam 2016- Space Jam 9,75.0,https://www.ebay.com/itm/126880051500,,2025-01-06,2025-01-06,2
Air Jordan 9 Space Jam 1994,Nike Air Jordan 9 Space Jam Travis Men Size 10.5 302370-112 Black White Shoes,67.46,https://www.ebay.com/itm/335813329444,,2025-01-09,2025-01-09,2
Air Jordan 9 Space Jam 1994,2016 Nike Air Jordan 9 IX Retro Space Jam 2Pac Size 12 I XI IV I IX 302370-112,149.99,https://www.ebay.com/itm/335857192628,,2025-01-12,2025-01-12,2
Air Jordan 9 Space Jam 1994,Air Jordan 9 Retro 2010 Space Jam Bred/White/Beaters Size 10 OG Box,70.0,https://www.ebay.com/itm/235975405656,,2025-01-15,2025-01-15,3
Air Jordan 9 Space Jam 1994,Nike Air Jordan 9 Retro Space Jam White Black Red OG Sz 10.5 302370-112 2016,113.0,https://www.ebay.com/itm/335819847262,,2025-01-18,2025-01-18,3
Air Jordan 9 Space Jam 1994,Air Jordan Retro 9 Space Jam Size 11M No Box 302370-112,90.0,https://www.ebay.com/itm/296973631297,,2025-01-21,2025-01-21,4
Air Jordan 9 Space Jam 1994,Jordan 9 Retro OG Space Jam - Size 10,125.0,https://www.ebay.com/itm/387821831843,,2025-01-24,2025-01-24,4
Air Jordan 9 Space Jam 1994,Air Jordan 9 Space Jam 2016 Size 10.5 Used Rare Retro Authentic White Black MJ,160.0,https://www.ebay.com/itm/186837683286,,2025-01-30,2025-01-30,5
Air Jordan 9 Space Jam 1994,Nike Men's Air Jordan 9 Retro Space Jam White Black 2016 Size 12 US 302370-112,72.99,https://www.ebay.com/itm/387835167322,,2025-02-02,2025-02-02,5
Air Jordan 9 Space Jam 1994,Size 10 - Jordan 9 Retro space jam 2016,55.0,https://www.ebay.com/itm/365353507852,,2025-02-05,2025-02-05,6
Air Jordan 9 Space Jam 1994,Jordan 9 Retro space jam 2016,50.0,https://www.ebay.com/itm/387762742991,,2025-02-08,2025-02-08,6
Air Jordan 9 Space Jam 1994,Toddler Air Jordan 11 Retro Low Athletic Shoes ‚ÄòSpace Jam‚Äô FV5120 004 -  Size 9C,13.6,https://www.ebay.com/itm/186976043199,,2025-02-11,2025-02-11,7
Air Jordan 9 Space Jam 1994,Air Jordan 9 Retro OG Space Jam 2016 Size 11 Authentic Rare Used AJ9 Vintage,103.0,https://www.ebay.com/itm/387869829251,,2025-02-14,2025-02-14,7
Air Jordan 9 Space Jam 1994,"Air Jordan 9 Retro ""Space Jam""  Og All Sz 10.5",180.0,https://www.ebay.com/itm/396245823053,,2025-02-17,2025-02-17,8
Air Jordan 9 Space Jam 1994,Air Jordan 9 Retro Space Jam 2016 - Men Size 11 302370-112,120.0,https://www.ebay.com/itm/166930847325,,2025-02-20,2025-02-20,8
Air Jordan 9 Space Jam 1994,Size 9 - Jordan 9 Retro space jam 2016,100.0,https://www.ebay.com/itm/226540193327,,2025-02-23,2025-02-23,8
Air Jordan 9 Space Jam 1994,Size 14 - Jordan 9 Retro space jam 2016,100.0,https://www.ebay.com/itm/167285384111,,2025-02-26,2025-02-26,9
Air Jordan 9 Space Jam 1994,Size 8.5 - Jordan 9 Retro space jam 2016‚ù§Ô∏è‚ù§Ô∏è,50.0,https://www.ebay.com/itm/297057791005,,2025-03-01,2025-03-01,9
Air Jordan 9 Space Jam 1994,Nike Jordan 9 IX Retro Space Jam 2016 302370-112 Playoffs Black White Size 9.5,49.95,https://www.ebay.com/itm/196949703152,,2025-03-04,2025-03-04,10
Air Jordan 9 Space Jam 1994,Air Jordan 9 Space Jam Retro OG Size 10.5 Mens  Sneakers 2016 302370-112 (2016),255.0,https://www.ebay.com/itm/267113884272,,2025-03-07,2025-03-07,10
Air Jordan 9 Space Jam 1994,Air Jordan 9 Retro Black Patent Leather 302370-014 Size 10.5 Space Jam Bred,90.0,https://www.ebay.com/itm/335805615670,,2025-03-10,2025-03-10,11
Air Jordan 9 Space Jam 1994,Air Jordan 9 Retro OG ‚ÄúSpace Jam‚Äù 2016,150.0,https://www.ebay.com/itm/405460089366,,2025-03-16,2025-03-16,11
